DTXSID	canonical SMILES
DTXSID1034187	CC/C(=C(\c1ccccc1)c1ccc(OCCN(C)C)cc1)c1ccccc1
DTXSID6044303	CC(C)c1c(C(=O)Nc2ccccc2)c(-c2ccccc2)c(-c2ccc(F)cc2)n1CC[C@@H](O)C[C@@H](O)CC(=O)[O-].CC(C)c1c(C(=O)Nc2ccccc2)c(-c2ccccc2)c(-c2ccc(F)cc2)n1CC[C@@H](O)C[C@@H](O)CC(=O)[O-].[Ca+2]
DTXSID3037094	CC/C(=C(\c1ccc(O)cc1)c1ccc(OCCN(C)C)cc1)c1ccccc1
DTXSID8022325	Oc1ccc(C(c2ccc(O)cc2)C(Cl)(Cl)Cl)cc1
DTXSID1034181	O=C(c1ccc(OCCN2CCCCC2)cc1)c1c(-c2ccc(O)cc2)sc2cc(O)ccc12.[Cl-].[H+]
DTXSID1033664	C[C@]12CCC(=O)C=C1CC[C@@H]1[C@@H]2CC[C@@]2(C)[C@H]1CC[C@]2(C)O
DTXSID5048184	C=C1C[C@H]2[C@@H]3C=C(C)C4=CC(=O)CC[C@]4(C)[C@H]3CC[C@]2(C)[C@@]1(OC(C)=O)C(C)=O
DTXSID3022162	N#Cc1cc(Br)c(O)c(Br)c1
DTXSID8021301	CC/C(=C(\c1ccccc1)c1ccc(OCCN(C)C)cc1)c1ccccc1.O=C(O)CC(O)(CC(=O)O)C(=O)O
DTXSID3020465	CC/C(=C(/CC)c1ccc(O)cc1)c1ccc(O)cc1
DTXSID7037717	Oc1ccc(C(c2ccc(O)cc2)(C(F)(F)F)C(F)(F)F)cc1
DTXSID0020814	C#C[C@]1(O)CC[C@H]2[C@@H]3CCc4cc(OC)ccc4[C@H]3CC[C@@]21C
DTXSID8020337	CCN(CC)CCOc1ccc(/C(=C(\Cl)c2ccccc2)c2ccccc2)cc1.O=C(O)CC(O)(CC(=O)O)C(=O)O
DTXSID1044643	C[N+](C)(C)CC1CO1.[Cl-]
DTXSID5025102	CN(C)CCCN
DTXSID5020576	C#C[C@]1(O)CC[C@H]2[C@@H]3CCc4cc(O)ccc4[C@H]3CC[C@@]21C
DTXSID3034165	CC1(C)NC(=O)N(c2ccc([N+](=O)[O-])c(C(F)(F)F)c2)C1=O
DTXSID3032412	COC(=O)c1ccc(C)cc1C1=NC(C)(C(C)C)C(=O)N1
DTXSID8022377	C[C@]12CC[C@@H]3c4ccc(O)cc4CC[C@H]3[C@@H]1CC[C@H]2O
DTXSID7022043	O=C(O)c1cccc(C(=O)O)n1
DTXSID0020573	C[C@]12CC[C@@H]3c4ccc(O)cc4CC[C@H]3[C@@H]1CC[C@@H]2O
DTXSID0020446	CN(C)C(=O)Nc1ccc(Cl)c(Cl)c1
DTXSID3047429	C[C@@H]1C[C@H]2[C@@H]3CCC4=CC(=O)C=C[C@]4(C)[C@@]3(F)[C@@H](O)C[C@]2(C)[C@@]1(O)C(=O)COP(=O)([O-])[O-].[Na+].[Na+]
DTXSID2024666	OCCCCO
DTXSID1041346	CCOC(=O)COc1ccc(Cl)cc1Cl
DTXSID4024018	COc1c(Cl)ccc(Cl)c1C(=O)O
DTXSID9036226	CCCCCCCCOS(=O)(=O)[O-].[Na+]
DTXSID2026523	O=c1n(Cl)c(=O)n(Cl)c(=O)n1Cl
DTXSID2021234	Cc1cc(C)c(S(=O)(=O)[O-])cc1N/N=C1\C=C(S(=O)(=O)[O-])c2ccccc2C1=O.[Na+].[Na+]
DTXSID1032519	CSC(=O)c1cccc2nnsc12
DTXSID9023881	Clc1ccccc1-c1nnc(-c2ccccc2Cl)nn1
DTXSID1026900	CCCCCCCCCCCC[N+](C)(C)C.[Cl-]
DTXSID6022474	C[C@]12C[C@H](O)[C@H]3[C@@H](CCC4=CC(=O)CC[C@@]43C)[C@@H]1CC[C@@H]2C(=O)CO
DTXSID3024940	N#CC(Br)Br
DTXSID9029146	CN1CCOCC1
DTXSID2021866	CCCCOC(=O)CCCCC(=O)OCCCC
DTXSID9042415	Cc1ccc(S(=O)(=O)[O-])cc1.[Na+]
DTXSID6042234	CCCCCCCCO[C@@H]1O[C@H](CO)[C@@H](O)[C@H](O)[C@H]1O
DTXSID9036515	CCC(=O)O[C@H]1CC[C@H]2[C@@H]3CCC4=CC(=O)CC[C@]4(C)[C@H]3CC[C@]12C
DTXSID6022345	Clc1ccc(C(c2ccccc2Cl)C(Cl)(Cl)Cl)cc1
DTXSID6041472	C#CC(C)(O)CC(C)C
DTXSID4022367	C[C@]12CC[C@@H]3c4ccc(O)cc4CC[C@H]3[C@@H]1CCC2=O
DTXSID4042171	CCCCCCCCCCCCN1CCOCC1
DTXSID6040747	CC(=O)[C@@]1(O)CC[C@H]2[C@@H]3CCC4=CC(=O)CC[C@]4(C)[C@H]3CC[C@@]21C
DTXSID9033923	CC12CC1(C)C(=O)N(c1cc(Cl)cc(Cl)c1)C2=O
DTXSID6034186	CC(=O)S[C@@H]1CC2=CC(=O)CC[C@]2(C)[C@H]2CC[C@@]3(C)[C@@H](CC[C@@]34CCC(=O)O4)[C@H]12
DTXSID1034503	CCCCOC(=O)[C@@H](C)Oc1ccc(Oc2ccc(C#N)cc2F)cc1
DTXSID2026781	CC(C)CC(C)O
DTXSID6021907	N#CCC#N
DTXSID6047363	COc1cccc(C(O)C2CCN(CCc3ccc(F)cc3)CC2)c1OC
DTXSID0040707	CCCCCc1ccc(N)cc1
DTXSID4020290	Cc1cccc(Nc2cc(Cl)nc(SCC(=O)O)n2)c1C
DTXSID5022510	Cc1cc(Cl)ccc1O
DTXSID5022934	C[C@H]1O[C@@H](O[C@H]2[C@@H](O)C[C@H](O[C@H]3[C@@H](O)C[C@H](O[C@H]4CC[C@@]5(C)[C@H](CC[C@@H]6[C@@H]5C[C@@H](O)[C@]5(C)[C@@H](C7=CC(=O)OC7)CC[C@]65O)C4)O[C@@H]3C)O[C@@H]2C)C[C@H](O)[C@@H]1O
DTXSID9022526	O=C(OCc1ccccc1)c1ccc(O)cc1
DTXSID2020890	Cc1cc(=O)[nH]c(=S)[nH]1
DTXSID6044430	O=C(Cc1ccccc1)c1ccccc1
DTXSID5026259	CC(CCl)OP(=O)(OC(C)CCl)OC(C)CCl
DTXSID6032516	CCCCCCCCSCCO
DTXSID0026915	CCCCCCCCCCCO
DTXSID0023826	CC1(C)CC(N=C=O)CC(C)(CN=C=O)C1
DTXSID6040111	CCCC(=O)OCC
DTXSID6024836	CC(C)=CCC/C(C)=C/C=O
DTXSID9020794	S=C([S-])NCCNC(=S)[S-].[Mn+2]
DTXSID9022366	C[C@]12CC[C@@H]3c4ccc(O)cc4CC[C@H]3[C@@H]1C[C@@H](O)[C@@H]2O
DTXSID2041252	Nc1ccc(N)c2c1C(=O)c1ccccc1C2=O
DTXSID4048199	CCCCOc1ccc(N)cc1
DTXSID1034212	CCCN(CC)CC1COC2(CCC(C(C)(C)C)CC2)O1
DTXSID6025486	CC(C)NCC(O)c1ccc(O)c(O)c1.[Cl-].[H+]
DTXSID0022519	Nc1nc(=O)c2nc(CNc3ccc(C(=O)N[C@@H](CCC(=O)O)C(=O)O)cc3)cnc2[nH]1
DTXSID4022442	CCC(C)(c1ccc(O)cc1)c1ccc(O)cc1
DTXSID9022360	CC(C)(C)CC(C)(C)c1ccc(O)cc1
DTXSID1032646	CCNS(=O)(=O)C(F)(F)C(F)(F)C(F)(F)C(F)(F)C(F)(F)C(F)(F)C(F)(F)C(F)(F)F
DTXSID4021977	CCc1ccc(O)cc1
DTXSID0047296	O=C(O)Cn1c(=O)n(Cc2ccc(Br)cc2F)c(=O)c2ccc(Cl)cc21
DTXSID4034150	O=C(CCCN1CCC(O)(c2ccc(Cl)cc2)CC1)c1ccc(F)cc1
DTXSID9048194	CCCCCCC(=O)c1ccccc1
DTXSID3020047	C=CCN=C=S
DTXSID2020501	CCC(=O)C(CC(C)N(C)C)(c1ccccc1)c1ccccc1.[Cl-].[H+]
DTXSID7020182	CC(C)(c1ccc(O)cc1)c1ccc(O)cc1
DTXSID9023889	CCOC(=O)C(C)Oc1ccc(Oc2cnc3cc(Cl)ccc3n2)cc1
DTXSID7042356	c1ccc(CCCc2ccccn2)cc1
DTXSID3021485	O=C(O)c1cccc(C(=O)O)c1
DTXSID7034545	COc1ccc(/C(=C\C(=O)N2CCOCC2)c2ccc(Cl)cc2)cc1OC
DTXSID3041376	CCCCCCCCCCCCCN1CC(C)OC(C)C1
DTXSID9022528	CCOC(=O)c1ccc(O)cc1
DTXSID3022370	CC(=O)[C@H]1CC[C@H]2[C@@H]3CCC4=CC(=O)CC[C@]4(C)[C@H]3CC[C@]12C
DTXSID3040722	OC1CCC(C2CCCCC2)CC1
DTXSID2037714	CCCCCCCc1ccc(O)cc1
DTXSID8027581	C1=C\CC/C=C/CC/C=C\CC/1
DTXSID1022053	Cc1cc([N+](=O)[O-])cc([N+](=O)[O-])c1O
DTXSID8035180	C=CCC1=C(C)C(OC(=O)C2C(C=C(C)C)C2(C)C)CC1=O
DTXSID1027926	CCCCCCCCCCCCc1ccccc1O
DTXSID6021959	Oc1c(Br)cc(Br)cc1Br
DTXSID7047487	CCCCCCCCCOS(=O)(=O)[O-].[Na+]
DTXSID1022508	CCCCCCCCCCCCc1ccc(O)cc1
DTXSID8021771	CCC(C)(C)c1ccc(O)cc1
DTXSID5032654	O=CNC(N1CCN(C(NC=O)C(Cl)(Cl)Cl)CC1)C(Cl)(Cl)Cl
DTXSID5022308	O=c1c(-c2ccc(O)cc2)coc2cc(O)cc(O)c12
DTXSID7041097	CCC(C)N(C)C(=O)c1cc2ccccc2c(-c2ccccc2Cl)n1
DTXSID7032393	CCOC(=O)NCCOc1ccc(Oc2ccccc2)cc1
DTXSID3024239	CC(C)Oc1cc(-n2nc(C(C)(C)C)oc2=O)c(Cl)cc1Cl
DTXSID1020770	O=C1C2(Cl)C3(Cl)C4(Cl)C(Cl)(Cl)C5(Cl)C3(Cl)C1(Cl)C5(Cl)C24Cl
DTXSID8024523	C[C@]12CCC(=O)C=C1CC[C@@H]1[C@@H]2CC[C@]2(C)C(=O)CC[C@@H]12
DTXSID6041424	CC(C)CCCC(C)(C)O
DTXSID6042074	Cc1ccc(C(C)C)cc1O
DTXSID0020286	Cc1ccc(N)cc1Cl
DTXSID1032640	CC(COc1ccc(Oc2ccccc2)cc1)Oc1ccccn1
DTXSID0027983	COC(C)COC(C)CO
DTXSID5024681	CC(C)(C)N
DTXSID9035175	c1coc(CNc2ncnc3nc[nH]c23)c1
DTXSID2026446	CCCCOC(=O)CC(CC(=O)OCCCC)(OC(C)=O)C(=O)OCCCC
DTXSID2039336	C=CCC1=C(C)C(OC(=O)C2C(C=C(C)C)C2(C)C)CC1=O
DTXSID1034210	CCCN(CCC)c1c([N+](=O)[O-])cc(C(F)(F)F)c(N)c1[N+](=O)[O-]
DTXSID9041861	CCO[P+](=O)OCC
DTXSID5023871	Cc1ccc(N=CN(C)C=Nc2ccc(C)cc2C)c(C)c1
DTXSID2020137	Nc1ccc(-c2ccc(N)cc2)cc1
DTXSID8024284	COCC(C)O
DTXSID0023581	CCC(C)(C)C(=O)O[C@H]1C[C@@H](C)C=C2C=C[C@H](C)[C@H](CC[C@@H]3C[C@@H](O)CC(=O)O3)[C@H]21
DTXSID7024299	C[C@H]1C(c2ccc(Cl)cc2)SC(=O)N1C(=O)NC1CCCCC1
DTXSID5020784	CC[C@H](C)C(=O)O[C@H]1C[C@@H](C)C=C2C=C[C@H](C)[C@H](CC[C@@H]3C[C@@H](O)CC(=O)O3)[C@H]21
DTXSID6027218	CCc1cccc(CC)c1N
DTXSID3036105	CC(=O)OC1CCCCC1C(C)(C)C
DTXSID4032532	CCOC(=O)C(Cl)Cc1cc(-n2nc(C)n(C(F)F)c2=O)c(F)cc1Cl
DTXSID7041708	Cc1ccc(N/N=c2\c(=O)cc/c(=N/Nc3ccc(S(=O)(=O)[O-])cc3)c2=O)c(C)c1.[Na+]
DTXSID1032690	COC(=O)N(C(=O)N1CO[C@@]2(C(=O)OC)Cc3cc(Cl)ccc3C2=N1)c1ccc(OC(F)(F)F)cc1
DTXSID5023796	N=C(N)c1ccc(OCCCCCOc2ccc(C(=N)N)cc2)cc1.O=S(=O)(O)CCO.O=S(=O)(O)CCO
DTXSID9032379	CSC(=O)c1c(C(F)F)nc(C(F)(F)F)c(C(=O)SC)c1CC(C)C
DTXSID9026261	O=P(OC(CCl)CCl)(OC(CCl)CCl)OC(CCl)CCl
DTXSID5021916	CCCCCC(C)=O
DTXSID5034270	Cc1cnc(C2=NC(C)(C(C)C)C(=O)N2)c(C(=O)O)c1
DTXSID7021237	COC(=O)[C@H]1[C@H]2C[C@@H]3c4[nH]c5cc(OC)ccc5c4CCN3C[C@H]2C[C@@H](OC(=O)c2cc(OC)c(OC)c(OC)c2)[C@@H]1OC
DTXSID1023998	CC1(C)C(C=C(Cl)Cl)C1C(=O)OC(C#N)c1cccc(Oc2ccccc2)c1
DTXSID6024048	COS(=O)(=O)[O-].Cn1c(-c2ccccc2)cc(-c2ccccc2)[n+]1C
DTXSID3020122	COP(=S)(OC)SCn1nnc2ccccc2c1=O
DTXSID5022437	C[C@H](Cc1ccc(O)c(O)c1)[C@@H](C)Cc1ccc(O)c(O)c1
DTXSID3022320	C(=C(c1ccccc1)c1ccccc1)c1ccccc1
DTXSID2032392	CCOC(=O)C(C)Oc1ccc(Oc2nc3ccc(Cl)cc3o2)cc1
DTXSID2021947	CCCCCCCCCCCCCO
DTXSID6021824	Oc1ccc(Cl)cc1Cc1cc(Cl)ccc1O
DTXSID3021984	CCCCCCCCCCCCN
DTXSID2032637	CC1=NNC(=O)N(/N=C/c2cccnc2)C1
DTXSID2047270	O=c1[nH]c2ccc(S(=O)CCN3CCC(Cc4ccc(F)cc4)CC3)cc2o1
DTXSID9032329	CC(C)OP(=S)(OC(C)C)SCCNS(=O)(=O)c1ccccc1
DTXSID4020537	CN(C)CCOC(c1ccccc1)c1ccccc1.[Cl-].[H+]
DTXSID1026164	Cc1ccccc1N
DTXSID7024160	CCOC(=O)C(C)OC(=O)c1cc(Oc2ccc(C(F)(F)F)cc2Cl)ccc1[N+](=O)[O-]
DTXSID9020372	Clc1ccc(C(c2ccccc2Cl)C(Cl)Cl)cc1
DTXSID6042232	CC(CC=O)CCCC(C)(C)O
DTXSID8029157	CCCCC/C(C=O)=C/c1ccccc1
DTXSID3023556	CC1=C(/C=C/C(C)=C/C=C/C(C)=C/CO)C(C)(C)CCC1
DTXSID2022628	CC(C)NCC(O)COc1ccc(CC(N)=O)cc1
DTXSID2020006	CC(=O)Nc1ccc(O)cc1
DTXSID6020359	O=C1CCCCC1
DTXSID0020494	COP(C)(=O)OC
DTXSID9026926	CCCCCCCCCCCCCCO
DTXSID4034948	CCc1ccc(C(=O)NN(C(=O)c2cc(C)cc(C)c2)C(C)(C)C)cc1
DTXSID5048211	CCOC(=O)c1ccc(C)cc1
DTXSID5041306	O=C(c1ccc(O)cc1O)c1ccc(O)cc1O
DTXSID2025135	Cc1ccc([N+](=O)[O-])c(C)c1
DTXSID6021456	O=C1C=Cc2cc(S(=O)(=O)[O-])ccc2/C1=N\Nc1ccc(S(=O)(=O)[O-])cc1.[Na+].[Na+]
DTXSID9020299	CCOC(=O)C(O)(c1ccc(Cl)cc1)c1ccc(Cl)cc1
DTXSID8021642	CCCCCCCCCCCCCCCCCC(=O)O
DTXSID8026727	CC(C)=CCC/C(C)=C/CO
DTXSID3034402	CCCCOCN(C(=O)CCl)c1c(CC)cccc1CC
DTXSID4032405	CNC(=O)Oc1cccc(N=CN(C)C)c1.[Cl-].[H+]
DTXSID1020560	O=S1OCC2C(CO1)C1(Cl)C(Cl)=C(Cl)C2(Cl)C1(Cl)Cl
DTXSID4020379	C[C@]12CC[C@H](O)CC1=CC[C@@H]1[C@@H]2CC[C@]2(C)C(=O)CC[C@@H]12
DTXSID9020827	COc1ccc(C(c2ccc(OC)cc2)C(Cl)(Cl)Cl)cc1
DTXSID6020014	CC(=O)C1C(=O)C=C(C)OC1=O
DTXSID9037539	O=S1OC[C@@H]2[C@H](CO1)C1(Cl)C(Cl)=C(Cl)[C@@]2(Cl)C1(Cl)Cl
DTXSID9047257	c1ccc(C(O[C@@H]2CCCN(CCc3ccc4c(c3)OCO4)C2)c2ccccc2)cc1
DTXSID4024195	Cc1cc(Cl)ccc1OCC(=O)O
DTXSID7021150	CC(=O)O[Hg]c1ccccc1
DTXSID7042196	CCCCOC(=O)C(C)O
DTXSID3035214	C=CC(O)CCCCC
DTXSID2037712	CC(c1ccc(O)cc1)(c1ccc(O)cc1)c1ccc(O)cc1
DTXSID6022187	Cc1ccc(C)c(O)c1C
DTXSID8040484	C=C[C@@]1(C)CC(=O)[C@]2(O)[C@@]3(C)[C@@H](O)CCC(C)(C)[C@@H]3[C@H](O)[C@H](OC(C)=O)[C@@]2(C)O1
DTXSID1047528	CCCCC(CC)COC(=O)CCCCC(=O)OCc1ccccc1
DTXSID5035957	CC1(C)C(C=C(Cl)Cl)C1C(=O)OC(C#N)c1ccc(F)c(Oc2ccccc2)c1
DTXSID4022288	CCCCCCOc1ccc(N)cc1
DTXSID7031248	O.[Br-].[Br-].c1cc[n+]2c(c1)-c1cccc[n+]1CC2
DTXSID2034598	CCOC(=O)[C@@H](C)Oc1ccc(Oc2nc3ccc(Cl)cc3o2)cc1
DTXSID7029904	OCCC(F)(F)C(F)(F)C(F)(F)C(F)(F)C(F)(F)C(F)(F)C(F)(F)C(F)(F)F
DTXSID7026029	CC(=O)[c-]1c(=O)cc(C)oc1=O.[Na+]
DTXSID1020805	CC(C)[C@@H]1CC[C@@H](C)C[C@H]1O
DTXSID7020267	ClC1=C(Cl)C2(Cl)C3C(Cl)C(Cl)CC3C1(Cl)C2(Cl)Cl
DTXSID8021937	CCCCCCCO
DTXSID4020375	Clc1ccc(C(c2ccc(Cl)cc2)C(Cl)(Cl)Cl)cc1
DTXSID4034287	CCCCCCC[C@H]1CCC(=O)O1
DTXSID9020374	ClC(Cl)=C(c1ccc(Cl)cc1)c1ccc(Cl)cc1
DTXSID0042038	CCCCCCCOC(=O)CCC
DTXSID1021166	CCCCOCCOCCOCc1cc2c(cc1CCC)OCO2
DTXSID7020479	CNC(=O)CSP(=S)(OC)OC
DTXSID1024259	CCOP(=S)(OCC)SCn1c(=O)oc2cc(Cl)ccc21
DTXSID0021254	C=CCc1ccc2c(c1)OCO2
DTXSID0038700	COc1cc([N+](=O)[O-])ccc1N
DTXSID8024280	CCCC1COC(Cn2cncn2)(c2ccc(Cl)cc2Cl)O1
DTXSID8024238	CCCN(CCC)c1c([N+](=O)[O-])cc(S(N)(=O)=O)cc1[N+](=O)[O-]
DTXSID4022991	CC[C@H]1OC(=O)[C@H](C)[C@@H](O[C@H]2C[C@@](C)(OC)[C@@H](O)[C@H](C)O2)[C@H](C)[C@@H](O[C@@H]2O[C@H](C)C[C@H](N(C)C)[C@H]2O)[C@](C)(O)C[C@@H](C)C(=O)[C@H](C)[C@@H](O)[C@]1(C)O
DTXSID0027270	CCCCCCCCCCCCCCCO
DTXSID6020278	O=[N+]([O-])c1ccc(Cl)c([N+](=O)[O-])c1
DTXSID6048175	COc1ccc(-n2nc(C(F)F)cc2-c2ccc(S(C)=O)cc2)cc1
DTXSID8024157	CCCN(CCC)c1c([N+](=O)[O-])cc(C(C)C)cc1[N+](=O)[O-]
DTXSID6022391	O=c1cc(-c2ccc(O)cc2)oc2cc(O)cc(O)c12
DTXSID3021853	OCCN1CCNCC1
DTXSID7025895	Nc1ccc(Nc2ccccc2)cc1
DTXSID4047628	C1CCC(SSC2CCCCC2)CC1
DTXSID2032398	N#Cc1c[nH]cc1-c1cccc2c1OC(F)(F)O2
DTXSID1040372	Fc1ccc([C@@]2(Cn3cncn3)O[C@H]2c2ccccc2Cl)cc1
DTXSID7022411	CC(C)(C)c1cc(Cc2cc(C(C)(C)C)c(O)c(C(C)(C)C)c2)cc(C(C)(C)C)c1O
DTXSID4027991	CCCCCCCCCCCCCCCCO
DTXSID8041957	CCOC(OCC)OCC
DTXSID5027770	C=CC(=O)NC(C)(C)CS(=O)(=O)[O-].[Na+]
DTXSID5023875	NS(=O)(=O)[O-].[NH4+]
DTXSID9027863	CC(O)COC(C)CO
DTXSID9029223	Cc1ccc(C(C)c2ccc(C)c(C)c2)cc1C
DTXSID4032667	CC(C)[C@@H](C(=O)O[C@@H](C#N)c1cccc(Oc2ccccc2)c1)c1ccc(Cl)cc1
DTXSID8024072	CN(C)C(=O)C(c1ccccc1)c1ccccc1
DTXSID3024152	CC(C)C1(C)N=C(c2nc3ccccc3cc2C(=O)O)NC1=O
DTXSID3020043	NC(=O)NC1NC(=O)NC1=O
DTXSID7025506	CC/C=C/C/C=C/C/C=C/CCCCCCCC(=O)O
DTXSID9021928	CCOCCOC(C)=O
DTXSID9037745	CC(C)(C)c1ccc(OC(=O)c2ccccc2O)cc1
DTXSID8022406	O=C(c1ccccc1)c1ccc(O)cc1O
DTXSID7024112	CS(=O)(=O)[N-]C(=O)c1cc(Oc2ccc(C(F)(F)F)cc2Cl)ccc1[N+](=O)[O-].[Na+]
DTXSID1020431	Clc1ccc(Cl)cc1
DTXSID4027076	CCCCCCCCCCCCOS(=O)(=O)O.OCCN(CCO)CCO
DTXSID7032553	CCN(Cc1c(F)cccc1Cl)c1c([N+](=O)[O-])cc(C(F)(F)F)cc1[N+](=O)[O-]
DTXSID4047882	O=C(Oc1ccccc1)c1ccc(O)cc1
DTXSID5034303	CCCCCCC(C)OC(=O)COc1nc(F)c(Cl)c(N)c1Cl
DTXSID9020453	ClC1=C(Cl)C2(Cl)C3C4CC(C5OC45)C3C1(Cl)C2(Cl)Cl
DTXSID9042382	CCCO[Si](OCCC)(OCCC)OCCC
DTXSID3020205	CCCCOC(=O)c1ccccc1C(=O)OCc1ccccc1
DTXSID1041891	c1ccc(Cc2ccccc2)cc1
DTXSID5020281	O=[N+]([O-])c1ccc(Cl)cc1
DTXSID0021125	O=C1OC(c2ccc(O)cc2)(c2ccc(O)cc2)c2ccccc21
DTXSID3026728	CC(C)=CCC/C(C)=C\CO
DTXSID1024174	CCCCSP(=O)(SCCCC)SCCCC
DTXSID6020143	O=C(O)c1ccccc1
DTXSID9027522	CC(C)(C)CC(C)(C)c1ccc(O)c(-n2nc3ccccc3n2)c1
DTXSID5042243	CCCCCCCC/C=C/CCCCCCCC(=O)N(C)CC(=O)O
DTXSID4021894	OC1CCCCC1
DTXSID3032389	CC(C)=CCC/C(C)=C/CC/C(C)=C/CO
DTXSID4026684	CCCCCC/C(C=O)=C\c1ccccc1
DTXSID8022113	C=CC(Cl)CCl
DTXSID3023899	CCCCN(CC)c1c([N+](=O)[O-])cc(C(F)(F)F)cc1[N+](=O)[O-]
DTXSID6027397	CCCCCCCC/C=C\CCCCCCCC(=O)OCC(O)[C@H]1OC[C@@H](O)[C@@H]1O
DTXSID6023733	CCCC(CCC)C(=O)O
DTXSID9032531	Clc1ccc(C2(Cn3cncn3)CC(Br)CO2)c(Cl)c1
DTXSID8025886	CCOC(=O)C1OC1c1ccccc1
DTXSID9036690	CC(C)COC(=O)CCCCC(=O)OCC(C)C
DTXSID9047592	Oc1cc2ccccc2c2ccccc12
DTXSID3034614	COc1nn(C(=O)[N-]S(=O)(=O)c2ccccc2OC(F)(F)F)c(=O)n1C.[Na+]
DTXSID0022018	CCOP(=S)(OCC)SCCSCC
DTXSID7044394	CC(C)(C)C1CCC(=O)CC1
DTXSID7022332	CCC(C)c1ccc(O)cc1
DTXSID0034192	C[C@]12C=CC3=C4CCC(=O)C=C4CC[C@H]3[C@@H]1CC[C@@H]2O
DTXSID4022527	CCCOC(=O)c1ccc(O)cc1
DTXSID7034961	N#CN=C1SCCN1Cc1ccc(Cl)nc1
DTXSID9022310	O=c1c(-c2ccc(O)cc2)coc2cc(O)ccc12
DTXSID7020845	COS(C)(=O)=O
DTXSID2023430	O=[N+]([O-])OCC(CO[N+](=O)[O-])(CO[N+](=O)[O-])CO[N+](=O)[O-]
DTXSID0025523	Cc1occc(=O)c1O
DTXSID3021356	CC(=O)Oc1c(C)c(C)c2c(c1C)CC[C@@](C)(CCC[C@H](C)CCC[C@H](C)CCCC(C)C)O2
DTXSID9042209	CCCCCCCCN(C)CCCCCCCC
DTXSID9022312	CCCCCCCCc1ccc(O)cc1
DTXSID4024270	CCCN(CCOc1c(Cl)cc(Cl)cc1Cl)C(=O)n1ccnc1
DTXSID2041208	CCCCCCCCCCO[C@@H]1O[C@H](CO)[C@@H](O)[C@H](O)[C@H]1O
DTXSID7021152	Oc1ccc(-c2ccccc2)cc1
DTXSID4021395	CCCN(CCC)c1c([N+](=O)[O-])cc(C(F)(F)F)cc1[N+](=O)[O-]
DTXSID5025021	O=C(OC1CCCCC1)c1ccccc1C(=O)OC1CCCCC1
DTXSID7027047	CC(=O)/C(C)=C\C1C(C)=CCCC1(C)C
DTXSID6020068	Nc1ccc2c(c1)C(=O)c1ccccc1C2=O
DTXSID8032386	C=C(C)CN(CC)c1c([N+](=O)[O-])cc(C(F)(F)F)cc1[N+](=O)[O-]
DTXSID2024086	CCOP(=S)(OCC)SCSP(=S)(OCC)OCC
DTXSID2029298	CCCCCCCCCCCCOCCOS(=O)(=O)[O-].[Na+]
DTXSID2032390	OC(c1ccc(Cl)cc1)(c1cncnc1)c1ccccc1Cl
DTXSID3026564	CCCCC(CC)C(=O)OCCOCCOCCOC(=O)C(CC)CCCC
DTXSID1026906	CCCCCCCCCCCCN(C)C
DTXSID4020373	Clc1ccc(C(c2ccc(Cl)cc2)C(Cl)Cl)cc1
DTXSID9020407	CCOP(=S)(OCC)Oc1cc(C)nc(C(C)C)n1
DTXSID6025010	OC(CCl)CCl
DTXSID7035010	CC(=O)CC(c1ccccc1)[c-]1c(=O)oc2ccccc2c1=O.[Na+]
DTXSID7021605	O=C(O)CCCCC(=O)O
DTXSID5044572	OCCC(F)(F)C(F)(F)C(F)(F)C(F)(F)C(F)(F)C(F)(F)F
DTXSID4029353	CC(=O)C1=C(C)C2CC3(C1)C(C)CCC3C2(C)C
DTXSID6020561	ClC1=C(Cl)C2(Cl)C3C4CC(C5OC45)C3C1(Cl)C2(Cl)Cl
DTXSID1020221	CC(C)(C)c1ccc(O)cc1
DTXSID1025300	CCCCC(CC)COP(=O)(Oc1ccccc1)Oc1ccccc1
DTXSID0024553	NC(=O)N=NC(N)=O
DTXSID7025429	Oc1ccc2cc(SSc3ccc4cc(O)ccc4c3)ccc2c1
DTXSID1020510	Cc1c2ccccc2c(C)c2c1ccc1ccccc12
DTXSID2020634	O=c1[nH]cc(F)c(=O)[nH]1
DTXSID9034997	CCCCCCCCCCCCC(CCCC)C([PH3+])(CCCC)CCCC.[Cl-]
DTXSID1044487	CCCCCCCC[N+](C)(CCCCCCCC)CCCCCCCC.[Cl-]
DTXSID3034456	Cc1ccccc1COC1CC2(C(C)C)CCC1(C)O2
DTXSID8037752	O=C(Oc1ccccc1)c1cccc(C(=O)Oc2ccccc2)c1
DTXSID1022394	COc1ccc(-c2coc3cc(O)cc(O)c3c2=O)cc1
DTXSID3047558	C=C(C)C(=O)OCCC(F)(F)C(F)(F)C(F)(F)C(F)(F)C(F)(F)C(F)(F)F
DTXSID3026726	CC(C)=CCC[C@@H](C)CCO
DTXSID3047425	CCCCc1ccc(O)cc1
DTXSID8034324	CCOP(=S)(OCC)O/N=C(\C#N)c1ccccc1
DTXSID9022522	CC(C)COC(=O)c1ccccc1C(=O)OCC(C)C
DTXSID8020040	ClC1=C(Cl)C2(Cl)C3C4C=CC(C4)C3C1(Cl)C2(Cl)Cl
DTXSID0032520	CO/C=C(/C(=O)OC)c1ccccc1Oc1cc(Oc2ccccc2C#N)ncn1
DTXSID1040742	C[C@]12C=CC(=O)C=C1CC[C@H]1[C@@H]3C[C@@H](O)[C@](O)(C(=O)CO)[C@@]3(C)C[C@H](O)[C@@]12F
DTXSID5020607	CCCCC(CC)COC(=O)c1ccccc1C(=O)OCC(CC)CCCC
DTXSID3036286	CC(C)=CCC/C(C)=C/C#N
DTXSID7042198	CCCCNS(=O)(=O)c1ccc(C)cc1
DTXSID2022254	CCOP(=S)(OCC)SCSC(C)(C)C
DTXSID4020618	N#Cc1ccc(C2CCCc3cncn32)cc1.[Cl-].[H+]
DTXSID4022109	CCCCCCC1CCC(=O)O1
DTXSID5022489	O=C(O)/C=C/c1ccccc1
DTXSID5037523	CCOP(=O)(OCC)Oc1cc(C)nc(C(C)C)n1
DTXSID1026241	CC1CC(OC(=O)c2ccccc2O)CC(C)(C)C1
DTXSID0041141	CO[C@@H]1[C@H](OC(=O)NC(=O)CCl)CC[C@]2(CO2)[C@H]1[C@@]1(C)O[C@@H]1CC=C(C)C
DTXSID0021464	CN(C)C(=S)[S-].CN(C)C(=S)[S-].[Zn+2]
DTXSID2036299	CCCCCCCCN(C)C
DTXSID4032459	CCOP(=S)(OCC)SCSCC
DTXSID2041250	CC(C)Nc1ccc(NC(C)C)c2c1C(=O)c1ccccc1C2=O
DTXSID1032355	CC1(C)CON(Cc2ccccc2Cl)C1=O
DTXSID7024827	CN(C)CCCN1c2ccccc2Sc2ccc(Cl)cc21.[Cl-].[H+]
DTXSID9032537	CCCCCCCCCC[N+](C)(C)CCCCCCCCCC.[Cl-]
DTXSID4027650	C=CC[N+](C)(C)CC=C.[Cl-]
DTXSID9022607	CC(C)(C#N)c1cc(Cn2cncn2)cc(C(C)(C)C#N)c1
DTXSID6027268	CCCCCCCCCCCCCCC
DTXSID0032493	CC(C)(C)C(O)C(Oc1ccc(Cl)cc1)n1cncn1
DTXSID5026251	c1ccc(P(c2ccccc2)c2ccccc2)cc1
DTXSID3042394	O=S(=O)([O-])c1cccc2ccccc12.[Na+]
DTXSID5020152	OCc1ccccc1
DTXSID1041265	CCCCCCCCC(CO)CCCCCC
DTXSID3021770	CC(C)(c1cc(Cl)c(O)c(Cl)c1)c1cc(Cl)c(O)c(Cl)c1
DTXSID3020673	CCN(Cc1cccc(S(=O)(=O)[O-])c1)c1ccc([C+](c2ccc(N(CC)Cc3cccc(S(=O)(=O)[O-])c3)cc2)c2ccc(O)cc2S(=O)(=O)[O-])cc1.[Na+].[Na+]
DTXSID4020822	CN(Cc1cnc2nc(N)nc(N)c2n1)c1ccc(C(=O)N[C@@H](CCC(=O)O)C(=O)O)cc1
DTXSID3034612	CCCCOC(=O)C(C)Oc1ccc(Oc2ccc(C(F)(F)F)cn2)cc1
DTXSID7020768	O=c1c(O)c(-c2ccc(O)cc2)oc2cc(O)cc(O)c12
DTXSID5034773	O=C(NC(=O)c1c(F)cccc1F)Nc1ccc(OC(F)(F)C(F)OC(F)(F)F)c(Cl)c1
DTXSID4035708	Cc1cc(OCCOCC[N+](C)(C)Cc2ccccc2)ccc1C(C)(C)CC(C)(C)C.[Cl-]
DTXSID1041188	C/C(=C\c1ccccc1)[N+](=O)[O-]
DTXSID6020197	CC(C)C[C@H]1C(=O)N2CCC[C@H]2[C@]2(O)O[C@](NC(=O)[C@@H]3C=C4c5cccc6[nH]c(Br)c(c56)C[C@H]4N(C)C3)(C(C)C)C(=O)N12.CS(=O)(=O)O
DTXSID8020755	NNC(=O)c1ccncc1
DTXSID1027633	CC(C)(C)c1cc(CCC(=O)OCC(COC(=O)CCc2cc(C(C)(C)C)c(O)c(C(C)(C)C)c2)(COC(=O)CCc2cc(C(C)(C)C)c(O)c(C(C)(C)C)c2)COC(=O)CCc2cc(C(C)(C)C)c(O)c(C(C)(C)C)c2)cc(C(C)(C)C)c1O
DTXSID5047033	OCC1OC2OC3C(CO)OC(OC4C(CO)OC(OC5C(CO)OC(OC6C(CO)OC(OC7C(CO)OC(OC8C(CO)OC(OC9C(CO)OC(OC1C(O)C2O)C(O)C9O)C(O)C8O)C(O)C7O)C(O)C6O)C(O)C5O)C(O)C4O)C(O)C3O
DTXSID9026132	Cn1cnc2c1c(=O)[nH]c(=O)n2C
DTXSID6020307	COCCl
DTXSID2025216	C=Cc1ccccc1C=C
DTXSID1032488	COC(=O)c1c(C(F)F)nc(C(F)(F)F)c(C2=NCCS2)c1CC(C)C
DTXSID0041274	O=C1C=CC(=O)N1c1ccccc1
DTXSID8020044	C=CCO
DTXSID8022959	CCCCC(CC)COC(=O)CC(C(=O)OCC(CC)CCCC)S(=O)(=O)[O-].[Na+]
DTXSID2026238	CN(C)C
DTXSID5020811	[Cl-].[Cl-].[Hg+2]
DTXSID6020141	c1ccc2occc2c1
DTXSID9021897	Cc1cccnc1
DTXSID1041184	C=C1CC[C@H]2C[C@@H]1C2(C)C
DTXSID6032518	O=c1ssc(Cl)c1Cl
DTXSID7026368	O=C(O)c1ccccc1O
DTXSID2021997	NCCN1CCNCC1
DTXSID4044581	CCc1ccc(O)c(C(C)(C)C)c1
DTXSID7038810	C=C[Si](C)(C)O[Si](C)(C)C=C
DTXSID7026235	O=C(O)c1ccc2c(c1)C(=O)OC2=O
DTXSID1029170	CC(=O)C=C(C)C
DTXSID5024182	COCCO
DTXSID4021218	O=c1c(O)c(-c2ccc(O)c(O)c2)oc2cc(O)cc(O)c12
DTXSID3038939	NS(=O)(=O)C(F)(F)C(F)(F)C(F)(F)C(F)(F)C(F)(F)C(F)(F)C(F)(F)C(F)(F)F
DTXSID9041237	CC1=CC=C(C(C)C)CC1
DTXSID2020216	Cc1cc(C(C)(C)C)c(O)c(C(C)(C)C)c1
DTXSID9040716	CCC(C)(C)C1CCC(O)CC1
DTXSID2026602	CC(C)(C)c1ccc(O)c(C(C)(C)C)c1
DTXSID7021106	Oc1c(Cl)c(Cl)c(Cl)c(Cl)c1Cl
DTXSID7030698	OCC1OC2OC3C(CO)OC(OC4C(CO)OC(OC5C(CO)OC(OC6C(CO)OC(OC7C(CO)OC(OC1C(O)C2O)C(O)C7O)C(O)C6O)C(O)C5O)C(O)C4O)C(O)C3O
DTXSID0034695	S=C([S-])NCCNC(=S)[S-].S=C([S-])NCCNC(=S)[S-].[Mn+2].[Zn+2]
DTXSID6027713	CCCCCCCC/C=C\CCCCCCCC(=O)OCCO
DTXSID5020449	COP(=O)(OC)OC=C(Cl)Cl
DTXSID2024955	CC(C)(C)OOC(C)(C)C
DTXSID0042400	CCCCCCCCCCCCCCCCS(=O)(=O)[O-].[Na+]
DTXSID0037730	O=C(O)c1cc(O)c2ccccc2c1O
DTXSID0020319	N#Cc1c(Cl)c(Cl)c(Cl)c(C#N)c1Cl
DTXSID2020686	ClC1C(Cl)C(Cl)C(Cl)C(Cl)C1Cl
DTXSID3041790	CC(C)=CCC[C@@H](C)CC=O
DTXSID3024235	C[Si](Cn1cncn1)(c1ccc(F)cc1)c1ccc(F)cc1
DTXSID4032376	COCC(C)N(C(=O)CCl)c1c(C)csc1C
DTXSID6034849	CCCOC(=O)NCCC[NH+](C)C.[Cl-]
DTXSID8023890	COC(=O)NS(=O)(=O)c1ccc(N)cc1
DTXSID2022179	Clc1nc(Cl)c(Cl)c(Cl)c1Cl
DTXSID1021031	O=Nc1ccc(Nc2ccccc2)cc1
DTXSID0023296	CN(C)c1ccc2nc3ccc(N(C)C)cc3[s+]c2c1.[Cl-]
DTXSID9025110	CC(C)(C)OOC(C)(C)CCC(C)(C)OOC(C)(C)C
DTXSID6025692	C=CC(=C)CCC=C(C)C
DTXSID9024986	O=S(=O)(c1ccc(Cl)cc1)c1ccc(Cl)cc1
DTXSID5022439	O=C(O)c1ccccc1C(c1ccc(O)cc1)c1ccc(O)cc1
DTXSID2021575	CC(Cl)(Cl)C(=O)O
DTXSID7021788	O=[N+]([O-])c1ccc(O)cc1C(F)(F)F
DTXSID2020189	CCN(Cc1cccc(S(=O)(=O)[O-])c1)c1ccc([C+](c2ccc(N(CC)Cc3cccc(S(=O)(=O)[O-])c3)cc2)c2ccccc2S(=O)(=O)[O-])cc1.[Na+].[Na+]
DTXSID7021233	O=C([O-])c1ccccc1-c1c2cc(I)c(=O)c(I)c-2oc2c(I)c([O-])c(I)cc12.[Na+].[Na+]
DTXSID2022678	CC(O)(CS(=O)(=O)c1ccc(F)cc1)C(=O)Nc1ccc(C#N)c(C(F)(F)F)c1
DTXSID7037262	CC(=O)[C@H]1[C@H](C#N)C[C@H]2[C@@H]3CC=C4C[C@@H](O)CC[C@]4(C)[C@H]3CC[C@@]21C
DTXSID9034361	CC[N+](CC)(CC(=O)Nc1c(C)cccc1C)Cc1ccccc1.O=C1N=S(=O)([O-])c2ccccc21
DTXSID7041413	C=C(C)[C@@H]1CC=C(C)C(=O)C1
DTXSID0025101	CN(C)c1cccc(O)c1
DTXSID3032549	CC1(C(=O)Nc2ccc(O)c(Cl)c2Cl)CCCCC1
DTXSID2036112	CCCCCCCC/C=C\CCCCCCCC1=NCCN1CCO
DTXSID7038864	CCc1cc(Cc2cc(CC)cc(C(C)(C)C)c2O)c(O)c(C(C)(C)C)c1
DTXSID8034586	CCOc1cc(C(C)(C)C)ccc1C1COC(c2c(F)cccc2F)=N1
DTXSID3047344	CC(C)c1ccc(C(=O)N=C(N)N)cc1S(C)(=O)=O.CS(=O)(=O)O
DTXSID0029559	O=C1C(N(CO)C(=O)NCO)N(CO)C(=O)N1CO
DTXSID4027236	Cc1cccc([N+](=O)[O-])c1[N+](=O)[O-]
DTXSID8021224	Cc1ccc(S(=O)(=O)Oc2ccc(N=Nc3ccc(-c4ccc(N/N=C5/C(=O)C=Cc6cc(S(=O)(=O)[O-])cc(S(=O)(=O)[O-])c65)c(C)c4)cc3C)cc2)cc1.[Na+].[Na+]
DTXSID4023202	N#Cc1ccc(C(c2ccc(C#N)cc2)n2cncn2)cc1
DTXSID6023868	CC1(C)CN=C(NN=C(/C=C/c2ccc(C(F)(F)F)cc2)/C=C/c2ccc(C(F)(F)F)cc2)NC1
DTXSID0022436	CC(CCC(=O)O)(c1ccc(O)cc1)c1ccc(O)cc1
DTXSID8027793	O=C1c2ccccc2C(=O)N1SC1CCCCC1
DTXSID2047565	FC(F)(F)C(F)(F)C(F)(F)C(F)(F)C(F)(F)C(F)(F)CCI
DTXSID7020348	O=c1ccc2ccccc2o1
DTXSID3029653	N#C[S-].[NH4+]
DTXSID8033562	CC(C)(O)C(=O)Nc1ccc([N+](=O)[O-])c(C(F)(F)F)c1
DTXSID7032559	CC1(C)[C@H](C(=O)OC(C#N)c2cccc(Oc3ccccc3)c2)[C@@H]1/C=C(\Cl)C(F)(F)F
DTXSID6036467	O=S(=O)([O-])c1ccccc1/C=C\c1ccc(-c2ccc(/C=C\c3ccccc3S(=O)(=O)[O-])cc2)cc1.[Na+].[Na+]
DTXSID8023216	NC(Cc1cc(I)c(Oc2ccc(O)c(I)c2)c(I)c1)C(=O)O
DTXSID4027494	Cc1cccc(N)c1N
DTXSID9032581	CCC(C)(NC(=O)c1cc(Cl)c(C)c(Cl)c1)C(=O)CCl
DTXSID1021455	O=C([O-])C1=NN(c2ccc(S(=O)(=O)[O-])cc2)C(=O)C1N=Nc1ccc(S(=O)(=O)[O-])cc1.[Na+].[Na+].[Na+]
DTXSID8027032	CC(C)(N)CO
DTXSID5041641	Cc1ccc(C)c(S(=O)(=O)O)c1
DTXSID5021413	O=P(OCC(Br)CBr)(OCC(Br)CBr)OCC(Br)CBr
DTXSID0025234	O=C([O-])c1ccccc1-c1c2cc(Br)c(=O)c(Br)c-2oc2c(Br)c([O-])c(Br)cc12.[Na+].[Na+]
DTXSID6024882	C[C@@H]1C[C@@H]([C@H](O)CC2CC(=O)NC(=O)C2)C(=O)[C@@H](C)C1
DTXSID7024081	O=C([O-])C1C2CCC(O2)C1C(=O)[O-].[Na+].[Na+]
DTXSID8021777	Cc1cc2nc3c(=O)[nH]c(=O)nc-3n(CC(O)C(O)C(O)CO)c2cc1C
DTXSID6027345	c1ccc(B(c2ccccc2)c2ccccc2)cc1
DTXSID0034855	CCCCOC(=O)[C@@H](C)Oc1ccc(Oc2ccc(C(F)(F)F)cn2)cc1
DTXSID5020867	Cc1cc(Cc2ccc(N)c(C)c2)ccc1N
DTXSID5037028	CCCCCCCCCCCCCCCC[N+](C)(C)C.[Br-]
DTXSID5048186	O=C(O)Cc1cc(I)c(Oc2cc(I)c(O)c(I)c2)c(I)c1
DTXSID1027390	O=S(=O)(O)c1ccccc1O
DTXSID8020628	CN(C)C(=O)Nc1cccc(C(F)(F)F)c1
DTXSID0021123	CCC1(c2ccccc2)C(=O)[N-]C(=O)NC1=O.[Na+]
DTXSID6026298	Cc1cccc(C)c1
DTXSID6024337	CCN(CC)C(=O)SCc1ccc(Cl)cc1
DTXSID8021517	O=C(O)/C=C/C(=O)O
DTXSID5024922	NCCCCCCN
DTXSID5032365	N#Cc1c(Cl)cccc1Cl
DTXSID3041247	O=C(CC(=O)c1ccccc1)c1ccccc1
DTXSID3041663	O=C(/C=C/c1ccccc1)OCc1ccccc1
DTXSID5020528	Cc1c([N+](=O)[O-])cccc1[N+](=O)[O-]
DTXSID1040611	COCCOCCC[Si](C)(O[Si](C)(C)C)O[Si](C)(C)C
DTXSID1021378	O=C(O)C(Cl)(Cl)Cl
DTXSID6047525	CC[C@H](C)C(=O)O[C@H]1C[C@H](O)C=C2C=C[C@H](C)[C@H](CC[C@@H](O)C[C@@H](O)CC(=O)[O-])[C@H]21.[Na+]
DTXSID4022448	CCc1cccc(C)c1N(C(=O)CCl)C(C)COC
DTXSID0042379	CO[Si](C)(C)OC
DTXSID5047879	O=C(c1ccccc1)c1ccccc1O
DTXSID1025857	c1cnc2c(c1)ccc1cccnc12
DTXSID3024102	CCOP(=O)(NC(C)C)Oc1ccc(SC)c(C)c1
DTXSID7025217	CCCCCCCCC/C=C/CC1CC(=O)OC1=O
DTXSID2026864	CCCCCCCC(=O)OC
DTXSID2026943	OCC(CO)(CO)CO
DTXSID7032004	CC(C)C(=O)Nc1ccc([N+](=O)[O-])c(C(F)(F)F)c1
DTXSID1020354	N#CN=C(N)N
DTXSID1020930	CN1CCC[C@H]1c1cccnc1
DTXSID1020932	O=C(O)c1cccnc1
DTXSID1021160	Nc1c(Cl)c(Cl)nc(C(=O)O)c1Cl
DTXSID1021243	CCN=c1cc2oc3cc(NCC)c(C)cc3c(-c3ccccc3C(=O)OCC)c-2cc1C.[Cl-].[H+]
DTXSID1020439	Oc1ccc(Cl)cc1Cl
DTXSID1020516	CN(C)N
DTXSID1020807	S=c1[nH]c2ccccc2s1
DTXSID1020144	O=C(c1ccccc1)C(O)c1ccccc1
DTXSID1020352	N.O=NN(O)c1ccccc1
DTXSID1020647	O=Cc1ccco1
DTXSID0048181	CC(C)(C)c1ccc(N)cc1
DTXSID0048210	O=C(Oc1ccccc1)c1ccccc1
DTXSID1020140	O=C([O-])c1ccccc1.[Na+]
DTXSID1020190	O=C1/C(=C2\Nc3ccc(S(=O)(=O)[O-])cc3C2=O)Nc2ccc(S(=O)(=O)[O-])cc21.[Na+].[Na+]
DTXSID6048208	COC(=O)c1ccccc1C
DTXSID7020005	CC(N)=O
DTXSID6047103	CCCCCCCCCCCCCCCCCCOS(=O)(=O)[O-].[Na+]
DTXSID1021877	OCCCl
DTXSID1022055	CC(=O)OC(C)(C)C
DTXSID1022396	O=c1cc(-c2ccccc2)oc2cc(O)cc(O)c12
DTXSID1022421	COc1ccc2[nH]cc(CCNC(C)=O)c2c1
DTXSID1022265	CCc1cccc(CC)c1N(COC)C(=O)CCl
DTXSID1022479	CCc1ccccc1O
DTXSID1021403	COP(=O)(OC)OC
DTXSID1021871	Oc1ccc(Cl)cc1
DTXSID1021790	O=[N+]([O-])c1ccccc1O
DTXSID1021792	O=Cc1ccccc1O
DTXSID1021821	CC/C(C)=N/O
DTXSID1021798	c1ccc2ncccc2c1
DTXSID6034392	O=C(Nc1ccccc1-c1ccc(Cl)cc1)c1cccnc1Cl
DTXSID6034764	COc1cc(OC)nc(NC(=O)NS(=O)(=O)c2ncccc2C(=O)N(C)C)n1
DTXSID6035152	CC1(C)C(=O)NC(=O)N1CO
DTXSID6032641	O=C(O)c1c(Cl)ccc2cc(Cl)cnc12
DTXSID6032649	CC(C)=C[C@@H]1[C@@H](C(=O)OCN2C(=O)C3=C(CCCC3)C2=O)C1(C)C
DTXSID6034265	NCCO.O=C(O)c1nc(Cl)ccc1Cl
DTXSID6034972	Cc1ccc(C(C)C)c(O)c1
DTXSID6032354	C#CCOC(=O)[C@@H](C)Oc1ccc(Oc2ncc(Cl)cc2F)cc1
DTXSID6032356	CCSC(=O)N(CC)C1CCCCC1
DTXSID6032358	CCNC(=O)NC(=O)/C(C#N)=N/OC
DTXSID6032514	O=Cc1ccccc1C=O
DTXSID6027050	CN(C)C(=S)[S-].[Na+]
DTXSID7024085	O=P(O)(O)CCCl
DTXSID7020716	Oc1ccc(O)cc1
DTXSID7020764	CC(C)OC(=O)Nc1cccc(Cl)c1
DTXSID7025003	Oc1cc(Cl)ccc1Cl
DTXSID7024586	c1ccc2scnc2c1
DTXSID7025132	Cc1cccc([N+](=O)[O-])c1C
DTXSID7025427	CC(C)(O)C#N
DTXSID7024376	CCCSC(=O)N(CCC)CCC
DTXSID7024320	Clc1cc(Cl)c(Cl)cc1Cl
DTXSID7024821	FC(F)(F)c1ccc(Cl)cc1
DTXSID7024241	CCOc1cc(Oc2ccc(C(F)(F)F)cc2Cl)ccc1[N+](=O)[O-]
DTXSID7023192	CC(O)C(=O)O
DTXSID7023645	CN(C)[C@@H]1C(=O)/C(=C(\N)O)C(=O)[C@@]2(O)C(=O)C3=C(O)c4c(O)cccc4[C@@](C)(O)[C@H]3C[C@@H]12
DTXSID7023936	CCSC(=O)N(CC(C)C)CC(C)C
DTXSID7020766	CC(C)OC(=O)Nc1ccccc1
DTXSID7024035	O=C(O)CCCOc1ccc(Cl)cc1Cl
DTXSID7021940	CCCCCCCCO
DTXSID7022049	Cc1cc(C)c(O)c(C)c1
DTXSID7022679	O=C(O)CCCCC1SCC2NC(=O)NC21
DTXSID0047167	CNC(C)=O
DTXSID0047456	O=C1OC(=O)C2C3C=CC(C3)C12
DTXSID0047537	CCCCCCCCOC(=O)CCCCCCCCC(=O)OCCCCCCCC
DTXSID0047535	CCCCCCOC(=O)CC(CC(=O)OCCCCCC)(OC(=O)CCC)C(=O)OCCCCCC
DTXSID0042325	CCCc1ccc(OC)cc1
DTXSID0042406	COS(=O)(=O)[O-].[Na+]
DTXSID0044571	CC(C)c1cccc(O)c1
DTXSID0044818	CCCCCCC(CO)CCCC
DTXSID7021815	Nc1ccc(Cl)c(Cl)c1
DTXSID6047448	[K+].[O-][Cl+2]([O-])[O-]
DTXSID6041719	CC1=NN(c2cc(Cl)c(S(=O)(=O)[O-])cc2Cl)C(=O)C1N=Nc1ccc(S(=O)(=O)[O-])cc1.[Na+].[Na+]
DTXSID6042369	CCN(CC)c1ccc2c(-c3ccccc3C(=O)O)c3ccc(N(CC)CC)cc3[o+]c2c1.[Cl-]
DTXSID6043915	CCCCCC(=O)O[C@]1(C(C)=O)CC[C@H]2[C@@H]3CCC4=CC(=O)CC[C@]4(C)[C@H]3CC[C@@]21C
DTXSID6040795	Cc1ccc(S(=O)([O-])=NCl)cc1
DTXSID6041210	CC1=CCC(C(C)C)=CC1
DTXSID6041426	C1=COCCC1
DTXSID6041422	Cc1cc(=O)oc2cc(N(C)C)ccc12
DTXSID7021863	CCOC(=O)CC(=O)OCC
DTXSID7021655	CCCCC(=O)O
DTXSID1024049	O=C(NC(=O)c1c(F)cccc1F)Nc1ccc(Cl)cc1
DTXSID7021946	CCCCCCCCCCO
DTXSID7021869	Cc1ccc(O)cc1
DTXSID7021239	CC1=C(/C=C/C(C)=C/C=C/C(C)=C/C(=O)O)C(C)(C)CCC1
DTXSID7021364	Cc1ccccc1N.[Cl-].[H+]
DTXSID7021607	CCCCCC(=O)O
DTXSID7020710	c1ccc(NNc2ccccc2)cc1
DTXSID7020843	CCCCC/C=C\C/C=C\CCCCCCCC(=O)OC
DTXSID7020895	ClC1(Cl)C2(Cl)C3(Cl)C4(Cl)C(Cl)(Cl)C5(Cl)C3(Cl)C1(Cl)C5(Cl)C24Cl
DTXSID7020972	O=C1CN(/N=C/c2ccc([N+](=O)[O-])o2)C(=O)N1
DTXSID7020683	ClC(Cl)=C(Cl)C(Cl)=C(Cl)Cl
DTXSID5047611	CCCC1CCC(=O)O1
DTXSID5048180	CCCc1ccc(N)cc1
DTXSID5048182	O=C(c1ccccc1)C1CCCCC1
DTXSID6024175	COCC(=O)N(c1c(C)cccc1C)C(C)C(=O)OC
DTXSID6024177	COP(N)(=O)SC
DTXSID6024206	CCSC(=O)N1CCCCCC1
DTXSID6024200	Cc1cccc(O)c1
DTXSID8042422	OCC(O)c1ccccc1
DTXSID6020220	CC(C)(C)c1cc(O)ccc1O
DTXSID8044202	CCCCCCCCOC(C)=O
DTXSID8041379	COc1cc(C(C)(C)C)c(O)c(C(C)(C)C)c1
DTXSID8041298	CCC1CCC(=O)O1
DTXSID8041248	CC(C)(C)c1cc(O)c(C(C)(C)C)cc1O
DTXSID8041610	OC1COC(O)C(O)C1O
DTXSID8041955	CC[NH+](CCO)CCO
DTXSID8042187	CCCCNC(=S)NCCCC
DTXSID0021597	CCCCCCC=O
DTXSID0021888	CCCC(C)=O
DTXSID0021834	O=[N+]([O-])c1ccc(O)cc1
DTXSID1025306	C/C=C1\CC2C=CC1C2
DTXSID1026118	c1ccc2c(c1)CCCC2
DTXSID1026792	Cc1cccc(N)c1
DTXSID1027184	C[Si]1(C)O[Si](C)(C)O[Si](C)(C)O[Si](C)(C)O[Si](C)(C)O1
DTXSID1025271	CCNc1ccccc1
DTXSID1025726	Nc1ccccc1[N+](=O)[O-]
DTXSID1025809	CCCCCCCC/C=C/CCCCCCCC(=O)O
DTXSID1024338	COC(=O)NC(=S)Nc1ccccc1NC(=S)NC(=O)OC
DTXSID1024598	O=C(OCc1ccccc1)c1ccccc1O
DTXSID1025148	Cc1cc(C)cc(O)c1
DTXSID0021832	Cc1ccc(N(C)C)cc1
DTXSID6021030	O=NN(c1ccccc1)c1ccccc1
DTXSID6021032	CCCN(CCC)N=O
DTXSID6021248	C=C(C)[C@H]1Cc2c(ccc3c2O[C@@H]2COc4cc(OC)c(OC)cc4[C@@H]2C3=O)O1
DTXSID6021240	CC(=O)OC/C=C(C)/C=C/C=C(C)/C=C/C1=C(C)CCCC1(C)C
DTXSID6021402	Cc1ccc(C)c(C)c1
DTXSID6021666	CCCCCCCCCCCCCC(=O)O
DTXSID6021793	Oc1cccc2ccccc12
DTXSID6020430	Clc1ccccc1Cl
DTXSID6020515	CN(C)C=O
DTXSID6020480	CC(=O)OC1CC(C)OC(C)O1
DTXSID6020856	CN1CCCC1=O
DTXSID6020147	c1ccc2n[nH]nc2c1
DTXSID6024466	Nc1ccc(C(=O)O)cc1
DTXSID6026080	O=C(O)c1ccc(C(=O)O)cc1
DTXSID6026797	Cc1cc(C)cc(C)c1
DTXSID6026799	Clc1nc(Cl)nc(Cl)n1
DTXSID6025141	O=C(NCO)NCO
DTXSID6025436	O=S(=O)([O-])[O-].Oc1cccc2ccc[nH+]c12.Oc1cccc2ccc[nH+]c12
DTXSID6025438	NC(=O)NO
DTXSID6025567	COC(=O)c1ccccc1N
DTXSID6024913	CCCCCCCCCC
DTXSID6024917	CC(=O)CC(C)(C)O
DTXSID6025014	ClC(Cl)c1ccccc1
DTXSID6025220	CCCCCCCCCCCCS
DTXSID6025272	CCOC(=O)c1ccccc1N
DTXSID6024834	O=C/C=C/c1ccccc1
DTXSID6024888	O.O=P1(N(CCCl)CCCl)NCCCO1
DTXSID1024091	CCCN(CCC)C(=O)SCC
DTXSID1024176	C=C(C)C#N
DTXSID1024124	COC(=O)c1sccc1S(=O)(=O)NC(=O)Nc1nc(C)nc(OC)n1
DTXSID1024126	ClC1=C(Cl)C2(Cl)C3C4OC4C(Cl)C3C1(Cl)C2(Cl)Cl
DTXSID1024170	C[N+]1(C)CCCCC1.[Cl-]
DTXSID1024255	COC(=O)Nc1cccc(OC(=O)Nc2cccc(C)c2)c1
DTXSID1023235	OCC(O)C(O)C(O)C(O)CO
DTXSID1024045	CCOS(=O)(=O)OCC
DTXSID1023996	NC1CCCCC1
DTXSID0020656	C=C1C[C@]23C[C@@]1(O)CC[C@H]2[C@@]12C=C[C@H](O)C(C)(C(=O)O1)[C@H]2[C@@H]3C(=O)O
DTXSID0021965	Clc1ccc(Cl)c(Cl)c1
DTXSID0021961	O=C(c1ccccc1)c1ccccc1
DTXSID0021969	COc1cc(C=O)ccc1O
DTXSID0020943	COc1ccc([N+](=O)[O-])cc1N
DTXSID0021256	O=C(O)C1=C/C(=N\Nc2ccc(S(=O)(=O)Nc3ccccn3)cc2)C=CC1=O
DTXSID0021385	O=C1c2ccccc2C(=O)N1SC(Cl)(Cl)Cl
DTXSID0020529	Cc1ccc([N+](=O)[O-])cc1[N+](=O)[O-]
DTXSID0020604	C1CC2OC2CC1C1CO1
DTXSID0020575	C=CCc1ccc(OC)cc1
DTXSID0020652	Cc1ccc(C)c(OCCCC(C)(C)C(=O)O)c1
DTXSID0020654	CC(=O)OC/C=C(\C)CCC=C(C)C
DTXSID0041270	CC(=O)OCCC(C)CC(C)(C)C
DTXSID6022927	O=c1nc[nH]c2c1ncn2[C@H]1CC[C@@H](CO)O1
DTXSID6023602	O=C(O)CCC(=O)O
DTXSID6022000	NCCO
DTXSID6022008	CCCCCCCCCO
DTXSID6022137	CC/C=C\CCO
DTXSID6022341	COc1nc(NC(C)C)nc(NC(C)C)n1
DTXSID6022422	Nc1ccc(Cc2ccc(N)cc2)cc1
DTXSID6022472	CCCCc1ccccc1
DTXSID6021872	Cc1ccc(N)cc1
DTXSID6021957	O=C(Oc1ccccc1)c1ccccc1O
DTXSID6022056	Clc1cccc(Cl)c1
DTXSID8024814	Cc1ccc(Cl)cc1
DTXSID8021640	O=C(O)CCCCCCCC(=O)O
DTXSID8021800	CCN(CC)c1ccccc1
DTXSID8027034	O=[N+]([O-])C(CO)(CO)CO
DTXSID8026773	CC(O)CCO
DTXSID8027036	CC(C)(CO)CO
DTXSID8027454	CC(=O)CC(=O)N(C)C
DTXSID8027246	O=C1CCCN1
DTXSID8026307	Cc1cccc(C)c1N
DTXSID8026193	Clc1cccc(Cl)c1Cl
DTXSID8026513	O=C1NC(=O)C2CC=CCC12
DTXSID8026488	C=C1C2CCC(C2)C1(C)C
DTXSID8026640	CC(C)c1cccc(C(C)C)c1
DTXSID8024993	O.O.O=c1[n-]c(=O)n(Cl)c(=O)n1Cl.[Na+]
DTXSID8026141	O=C(O)CS
DTXSID8024151	C=CCOC(Cn1ccnc1)c1ccc(Cl)cc1Cl
DTXSID8024159	CCC(C)(CC)c1cc(NC(=O)c2c(OC)cccc2OC)on1
DTXSID8024317	Cc1[nH]c(=O)n(C(C)(C)C)c(=O)c1Cl
DTXSID8037706	O=S(=O)([O-])C(F)(F)C(F)(F)C(F)(F)C(F)(F)C(F)(F)C(F)(F)C(F)(F)C(F)(F)F.[K+]
DTXSID8040222	COc1cc(OC)nc(NC(=O)N=S(=O)([O-])c2ncccc2OCC(F)(F)F)n1.[Na+]
DTXSID8040694	CCCCOC(=O)c1ccccc1
DTXSID8024107	Cn1cc(-c2ccccc2)c(=O)c(-c2cccc(C(F)(F)F)c2)c1
DTXSID0024002	CC1(C)C(C(=O)OC(C#N)c2cccc(Oc3ccccc3)c2)C1(C)C
DTXSID0024216	Clc1cccc(C(Cl)(Cl)Cl)n1
DTXSID0025363	O=C(O)CO
DTXSID0025816	O=C(O)C(=O)O
DTXSID0025864	CCOc1ccc(N)cc1
DTXSID0023745	OC1COC(O)C(O)C1O
DTXSID0023901	CC(C)N1C(=O)c2ccccc2NS1(=O)=O
DTXSID0023951	CC1=C(C(=O)Nc2ccccc2)SCCO1
DTXSID0024052	CC1=C(C)S(=O)(=O)CCS1(=O)=O
DTXSID0022014	COc1ccc(OC)cc1
DTXSID0022480	CCc1cccc(O)c1
DTXSID0023113	COc1ccccc1O
DTXSID8040721	O=C1CCC(C2CCCCC2)CC1
DTXSID8024109	CC(C)Oc1cccc(NC(=O)c2ccccc2C(F)(F)F)c1
DTXSID8024234	CNc1cnn(-c2cccc(C(F)(F)F)c2)c(=O)c1Cl
DTXSID8023632	O=C(O)C(O)C(O)C(=O)O
DTXSID8023719	Cc1c(C)c2c(c(C)c1O)CCC(C)(COc1ccc(CC3SC(=O)NC3=O)cc1)O2
DTXSID8023848	CCOCN(C(=O)CCl)c1c(C)cccc1CC
DTXSID8023977	Cc1ccccc1Cl
DTXSID8021856	CCCCc1ccc(N)cc1
DTXSID8021804	CCOC(=O)c1ccc(N)cc1
DTXSID8021808	Cc1ccccc1O
DTXSID8022111	CCC(=O)Nc1ccc(Cl)c(Cl)c1
DTXSID8021515	CCCC(=O)O
DTXSID3021277	C/C=C/C=C/C(=O)O
DTXSID9024930	Cc1ccc(N)c(N)c1
DTXSID9022524	O=C1CCC(N2C(=O)c3ccccc3C2=O)C(=O)N1
DTXSID9022817	Cc1c(C(=O)O)c(O)cc2c1C(=O)c1c(O)c([C@H]3O[C@H](CO)[C@@H](O)[C@H](O)[C@H]3O)c(O)c(O)c1C2=O
DTXSID9024194	Cc1cc(Cl)ccc1OC(C)C(=O)O
DTXSID2025050	NCCNCCN
DTXSID3021518	O=C(O)/C=C/C(=O)O
DTXSID3021643	CCCCCCCC=O
DTXSID3021726	NC(=O)c1ccccc1O
DTXSID3021932	OCCNCCO
DTXSID3020910	CS(=O)(=O)OCCCCOS(C)(=O)=O
DTXSID3020966	O=C(O)c1ccc([N+](=O)[O-])cc1
DTXSID9024699	CC(C)(C)OOC(=O)c1ccccc1
DTXSID2032554	CCCCCOC(=O)COc1cc(N2C(=O)C3=C(CCCC3)C2=O)c(F)cc1Cl
DTXSID3021358	Cc1ccc(S(=O)(=O)NC(=O)NN2CCCCCC2)cc1
DTXSID3021641	CCCCCCCCC(=O)O
DTXSID3020625	CC(C)(C)NC(=O)[C@H]1CC[C@H]2[C@@H]3CC[C@H]4NC(=O)C=C[C@]4(C)[C@H]3CC[C@]12C
DTXSID3020679	ClC1=C(Cl)C2(Cl)C3C(Cl)C=CC3C1(Cl)C2(Cl)Cl
DTXSID3020887	Cc1ccc2ncccc2c1
DTXSID3020916	Nc1cccc2c(N)cccc12
DTXSID3020889	C=Cc1ccc(C)cc1
DTXSID2029167	CNC(=S)[S-].[Na+]
DTXSID9040342	CCC1COC(=O)O1
DTXSID9026841	CCCCCCOC(=O)CCCCC(=O)OCCCCCC
DTXSID2041709	Cc1cc(S(=O)(=O)[O-])ccc1N/N=C1/C(=O)C=Cc2ccccc21.[Na+]
DTXSID2027593	Clc1ccc(C(Cl)(Cl)Cl)cc1
DTXSID8034376	CC[N+](CC)(CC(=O)Nc1c(C)cccc1C)Cc1ccccc1.O=C([O-])c1ccccc1
DTXSID8034401	CC(C)N1C(=O)N(c2ccccc2)CSC1=NC(C)(C)C
DTXSID8034665	CC(C)C1(C)N=C(c2ncccc2C(=O)O)NC1=O
DTXSID8034588	CC1(c2ccc(Oc3ccccc3)cc2)OC(=O)N(Nc2ccccc2)C1=O
DTXSID8034871	CCOC(=O)COc1cc(-c2nn(C)c(OC(F)F)c2Cl)c(F)cc1Cl
DTXSID2029616	c1c[nH]cn1
DTXSID2029874	CC(C)OC(=O)C(C)(C)Oc1ccc(C(=O)c2ccc(Cl)cc2)cc1
DTXSID2027204	CN=C=S
DTXSID2027466	O=C(OCC1CCC2OC2C1)C1CCC2OC2C1
DTXSID0027195	CCCCCCCCCCCCCCCC
DTXSID2044713	N=C1C=CC2=CC(S(=O)(=O)[O-])=CC(=O)C2=C1NNc1ccccc1C(F)(F)F.[Na+]
DTXSID3020093	COc1ccc(N)cc1.[Cl-].[H+]
DTXSID2041200	CC(CN/C=C1/C=CC=CC1=O)N/C=C1/C=CC=CC1=O
DTXSID9025451	CC(=O)/C=C/C1=C(C)CCCC1(C)C
DTXSID9025453	CC(=O)OCCC(C)C
DTXSID9025796	CCCCCCCCC
DTXSID9026689	CC(O)CN(CCN(CC(C)O)CC(C)O)CC(C)O
DTXSID9024063	Cc1cccc(C)c1O
DTXSID9024065	O=[N+]([O-])c1cccc([N+](=O)[O-])c1
DTXSID9024489	Cc1ccc(N)cc1O
DTXSID0032316	Cc1cc(O)cc(C)c1Cl
DTXSID7026285	COc1ccc(C=O)cc1OC
DTXSID7026156	Cc1ccc(N=C=O)cc1N=C=O
DTXSID7026946	C=CC(C)(CCC=C(C)C)OC(C)=O
DTXSID0034300	CC(=NC#N)N(C)Cc1ccc(Cl)nc1
DTXSID0034518	CCOC(=O)Nc1cccc(OC(=O)Nc2ccccc2)c1
DTXSID0035748	Cl/C=C\C[N+]12CN3CN(CN(C3)C1)C2.[Cl-]
DTXSID0034930	CCOP(=O)(SC(C)CC)N1CCSC1=O
DTXSID0032572	C#CCC1=C(C)C(OC(=O)[C@H]2[C@H](C=C(C)C)C2(C)C)CC1=O
DTXSID0032655	CC1(C)CC/C(=C/c2ccc(Cl)cc2)C1(O)Cn1cncn1
DTXSID0034229	CCCCC[C@H]1CCC(=O)O1
DTXSID0029133	CC(=O)c1ccc(O)cc1
DTXSID0029761	O.O.O=c1[n-]c(=O)n(Cl)c(=O)n1Cl.[Na+]
DTXSID7026102	O=C1OC(=O)c2c(Cl)c(Cl)c(Cl)c(Cl)c21
DTXSID0027222	CC1=CCC(=C(C)C)CC1
DTXSID0027856	CCC(O)OC(O)CC
DTXSID7040788	COc1ccc(O)c(C(C)(C)C)c1
DTXSID7041675	CC(=O)OC1CC2CCC1(C)C2(C)C
DTXSID7041623	O=C(Nc1ccccc1)c1ccccc1I
DTXSID7042190	CCCCCCCCCC[N+](C)(C)[O-]
DTXSID7037551	CN(C)C(=O)Nc1ccccc1
DTXSID7032688	CC(C)=CC1C(C(=O)OCc2cccc(Oc3ccccc3)c2)C1(C)C
DTXSID7035272	CC(C)c1ccc2cc(C(C)C)ccc2c1
DTXSID7034676	CCOP(=S)(OCC)Oc1nc(Cl)n(C(C)C)n1
DTXSID7032470	CCNP(=S)(OC)O/C(C)=C\C(=O)OC(C)C
DTXSID7027756	OCc1cccc(Oc2ccccc2)c1
DTXSID0041484	CC/C=C\CCOC(C)=O
DTXSID0041981	O=C(O)CF
DTXSID0041567	CCCCCC[C@@H](O)C/C=C\CCCCCCCC(=O)O
DTXSID0042169	CCCCCCCCCCCCCOP(=O)(O)O
DTXSID0042167	O=C([O-])c1ccccc1C(=O)O.[K+]
DTXSID0038887	O=C1OC2(c3ccc(O)cc3Oc3cc(O)ccc32)c2ccccc21
DTXSID0040701	CCOC(=O)CC(O)(CC(=O)OCC)C(=O)OCC
DTXSID7029661	CC(CCO)CC(C)(C)C
DTXSID7029241	CC(C)(c1ccccc1)c1ccc(O)c(C(C)(C)c2ccccc2)c1
DTXSID7030060	CC(C)(Cl)Cl
DTXSID7030307	Nc1cc(Cl)cc(Cl)c1
DTXSID7032555	C#CCN1C(=O)COc2cc(F)c(N3C(=O)C4=C(CCCC4)C3=O)cc21
DTXSID7027833	CCc1cccc(C)c1N
DTXSID7027837	CCC(O)OCC(C)OC(O)CC
DTXSID7029110	CCC(C)(O)CCCC(C)C
DTXSID7029162	CC1(C)C(=O)N(Br)C(=O)N1Cl
DTXSID7029164	CC(C)COC(=O)CC(C(=O)OCC(C)C)S(=O)(=O)[O-].[Na+]
DTXSID7026811	Sc1ccccc1
DTXSID7026867	O=C(O)CCCCCCCCC(=O)O
DTXSID7027041	CC(C)CC(C)(O)C#CC(C)(O)CC(C)C
DTXSID7026994	CCCCCCCCCCCCc1ccccc1
DTXSID7027540	CCCCNS(=O)(=O)c1ccccc1
DTXSID7027461	NNC(=S)NN
DTXSID8020759	CC1=CC(=O)CC(C)(C)C1
DTXSID8044593	[Cl-].c1ccc(C[n+]2cccc3ccccc32)cc1
DTXSID8045191	CN/C(=C\[N+](=O)[O-])NCCSCc1ccc(CN(C)C)o1.[Cl-].[H+]
DTXSID8047185	CC(C)CCOC(=O)c1ccccc1
DTXSID9020087	C/C=C/c1ccc(OC)cc1
DTXSID8042189	CC(C)N(c1ccccc1)C(C)C
DTXSID8042507	NC(=O)Nc1ccccc1
DTXSID8021199	CCCCN(CC)C(=O)SCCC
DTXSID8020466	CCNC(=S)NCC
DTXSID8020620	COP(=S)(OC)Oc1ccc(SC)c(C)c1
DTXSID8020127	Cc1cn([C@H]2C[C@H](N=[N+]=[N-])[C@@H](CO)O2)c(=O)[nH]c1=O
DTXSID8020121	[N-]=[N+]=[N-].[Na+]
DTXSID8020381	CC1(C)[C@H](C(=O)O[C@H](C#N)c2cccc(Oc3ccccc3)c2)[C@@H]1C=C(Br)Br
DTXSID8020591	CCOC(=O)C1OC1(C)c1ccccc1
DTXSID7042273	CC(C)c1ccc(O)c(C(C)C)c1
DTXSID7042061	CC(=O)O[C@H]1C[C@H]2CC[C@@]1(C)C2(C)C
DTXSID7044390	CNC(=S)NN
DTXSID0026171	Cc1cccc2n[nH]nc12
DTXSID0026880	CC(=O)OCCOC(C)=O
DTXSID0026838	CCCCCCCCCCCCCC(=O)OC(C)C
DTXSID0027014	CCCCCCC(C)O
DTXSID8027402	COC(=O)c1cccc(C(=O)OC)c1
DTXSID7032630	c1ccc(CNc2ncnc3nc[nH]c23)cc1
DTXSID8020915	O=C(O)Cc1cccc2ccccc12
DTXSID8020969	CC[N+](=O)[O-]
DTXSID8020961	Nc1ccc([N+](=O)[O-])cc1
DTXSID8021195	O=S1(=O)CCCO1
DTXSID8021062	O=NN1CCCC1
DTXSID8035423	Cc1ccc(C)c2ccccc12
DTXSID8032544	CCCOC(=O)c1ccc(C(=O)OCCC)nc1
DTXSID8031865	O=C(O)C(F)(F)C(F)(F)C(F)(F)C(F)(F)C(F)(F)C(F)(F)C(F)(F)F
DTXSID8031863	O=C(O)C(F)(F)C(F)(F)C(F)(F)C(F)(F)C(F)(F)C(F)(F)C(F)(F)C(F)(F)F
DTXSID8032673	COc1cc(OC)nc(Sc2cccc(Cl)c2C(=O)[O-])n1.[Na+]
DTXSID1026031	CCCCCCCCCCCCOS(=O)(=O)[O-].[Na+]
DTXSID8027826	O=C(CC(C(=O)OC1CCCCC1)S(=O)(=O)[O-])OC1CCCCC1.[Na+]
DTXSID8029105	Cc1ccc(S(N)(=O)=O)cc1
DTXSID8029600	C=C(C)C(N)=O
DTXSID8029650	CC1CCC(C(C)C)C(O)C1
DTXSID8029159	CC(C)CC(C)CC(O)CC(C)C
DTXSID9020089	Clc1nc(Cl)nc(Nc2ccccc2Cl)n1
DTXSID9020164	OCC(CO)(CBr)CBr
DTXSID9020295	Nc1ccc(Cl)cc1
DTXSID2022123	C=CC(=O)OCCO
DTXSID2022171	CCCCCCCCCCN
DTXSID2021943	CCCCCCCCCC(C)=O
DTXSID2022048	O=c1cc(-c2ccccc2)oc2ccccc12
DTXSID2021993	c1ccc2c(c1)oc1ccccc12
DTXSID2021286	c1ccc(C2CO2)cc1
DTXSID2021311	CC(C)(C)c1cc(C(C)(C)C)c(O)c(C(C)(C)C)c1
DTXSID2021440	C=CN1CCCC1=O
DTXSID2021739	CCCO
DTXSID2021602	CCCCCCCCCCCCCCCC(=O)O
DTXSID2021735	CS(C)=O
DTXSID2021028	CCN(CC)N=O
DTXSID2022331	CCC(C)c1ccccc1O
DTXSID2021026	CCCCN(CCCC)N=O
DTXSID2021103	COc1c(Cl)c(Cl)c(Cl)c(Cl)c1Cl
DTXSID2021151	Oc1ccccc1-c1ccccc1
DTXSID4020820	Cn1cc[nH]c1=S
DTXSID4020959	Cc1ccc([N+](=O)[O-])cc1N
DTXSID4020828	COc1ccc(O)cc1
DTXSID4020870	Cc1cc(Cc2cc(C)cc(C(C)(C)C)c2O)c(O)c(C(C)(C)C)c1
DTXSID4020450	OC(c1ccc(Cl)cc1)(c1ccc(Cl)cc1)C(Cl)(Cl)Cl
DTXSID4020664	OCC(O)CCl
DTXSID4020402	Cc1ccc(N)cc1N
DTXSID4020666	OCC1CO1
DTXSID3041293	CN(C)Cc1ccccc1O
DTXSID3029154	O=C1CCCC1
DTXSID3025469	CC(C)CCO
DTXSID3026223	CC(=O)OCCOCCOCCOC(C)=O
DTXSID3026065	CCN(CC)c1ccc([C+](c2ccc(N(CC)CC)cc2)c2ccc(S(=O)(=O)[O-])cc2S(=O)(=O)[O-])cc1.[Na+]
DTXSID3026641	O=C(Cl)c1cccc(C(=O)Cl)c1
DTXSID3026514	O=C1NC(=O)c2ccccc21
DTXSID3026645	Cc1ccc(C(C)C)cc1
DTXSID3041794	CCCCCC(C)OC(=O)COc1ccc(Cl)c2cccnc12
DTXSID3041661	N#Cc1ccccc1O
DTXSID3041954	CCCCCC(=O)CC
DTXSID3042130	c1ccc([Hg]c2ccccc2)cc1
DTXSID3042390	[Na+].[O-]n1ccccc1=S
DTXSID4020791	CCOC(=O)CC(SP(=S)(OC)OC)C(=O)OCC
DTXSID3041299	CCCCCCC1(C)CCC(=O)O1
DTXSID3041409	O=C(CCl)Nc1ccccc1
DTXSID3041530	CCCCC(CC)CCC(CC(C)C)OS(=O)(=O)[O-].[Na+]
DTXSID3041611	CCCCCCCCCCCCCCCC(=O)OCC(O)C1OC(O)=C(O)C1=O
DTXSID3036288	CCCCCCCCCCC(CO)CCCCCCCC
DTXSID3037541	O=S1(=O)OCC2C(CO1)C1(Cl)C(Cl)=C(Cl)C2(Cl)C1(Cl)Cl
DTXSID3037208	O=C([O-])Cc1ccccc1Nc1c(Cl)cccc1Cl.[Na+]
DTXSID3037709	O=S(=O)([O-])C(F)(F)C(F)(F)C(F)(F)C(F)(F)C(F)(F)C(F)(F)F.[K+]
DTXSID3037707	O=S(=O)([O-])C(F)(F)C(F)(F)C(F)(F)C(F)(F)F.[K+]
DTXSID3034664	COCc1cnc(C2=NC(C)(C(C)C)C(=O)N2)c(C(=O)O)c1
DTXSID2021995	CCN(CC)C(=O)c1cccc(C)c1
DTXSID4021842	ON=C1CCCCC1
DTXSID4021975	c1ccc(Nc2ccccc2)cc1
DTXSID2020713	NS(=O)(=O)c1cc2c(cc1Cl)NCNS2(=O)=O
DTXSID2020268	O=C(O)C1C(C(=O)O)C2(Cl)C(Cl)=C(Cl)C1(Cl)C2(Cl)Cl
DTXSID2020426	Nc1c(Cl)cc([N+](=O)[O-])cc1Cl
DTXSID2020347	CCOP(=S)(OCC)Oc1ccc2c(C)c(Cl)c(=O)oc2c1
DTXSID2020420	C#CC(C)(C)NC(=O)c1cc(Cl)cc(Cl)c1
DTXSID2020505	CN(C)CCO
DTXSID1048203	CCC(=O)c1ccc(Cl)cc1
DTXSID1048209	CC(C)(C)C(=O)c1ccccc1
DTXSID4021921	OCC#CCO
DTXSID1026081	CC(C)(c1cc(Br)c(O)c(Br)c1)c1cc(Br)c(O)c(Br)c1
DTXSID1047310	Cc1oc(-c2ccccc2)nc1CCOc1ccc(C[C@H](Nc2ccccc2C(=O)c2ccccc2)C(=O)O)cc1
DTXSID1047576	CN1C(=O)CCC1c1cccnc1
DTXSID1048178	CCCCc1nc2c(n1Cc1ccc(-c3ccccc3-c3nn[nH]n3)cc1)N=C[CH-]C2.[Na+]
DTXSID1048201	O=C(c1ccccc1)C1CCC1
DTXSID4029145	COC(=O)CC(=O)OC
DTXSID4029698	O=S(=O)([O-])OOS(=O)(=O)[O-].[Na+].[Na+]
DTXSID4027282	ClP(Cl)c1ccccc1
DTXSID4027496	O=C(C[O-])Oc1ccc(Cl)cc1Cl.[Na+]
DTXSID4027367	C=CCCCCCCCCCCCC
DTXSID4027525	CCCCC(CC)C(=O)[O-].[K+]
DTXSID4024145	CN(C)c1nc(=O)n(C2CCCCC2)c(=O)n1C
DTXSID3047633	CCCCCCCC/C=C/CCCCCCCC(=O)OCC
DTXSID4020240	O=C1CCCCCN1
DTXSID4020119	Cn1cnc([N+](=O)[O-])c1Sc1ncnc2nc[nH]c12
DTXSID4020371	Nc1ccc(S(=O)(=O)c2ccc(N)cc2)cc1
DTXSID3042219	CCCc1ccccc1
DTXSID3044203	CCc1ccc(CCOc2ccc(CC3SC(=O)NC3=O)cc2)nc1.[Cl-].[H+]
DTXSID4024062	Cc1ccc(O)cc1C
DTXSID4024272	CSc1nc(NC(C)C)nc(NC(C)C)n1
DTXSID4024274	CC(C)N(C(=O)CCl)c1ccccc1
DTXSID3029289	CCC12COCN1COC2
DTXSID4024436	COc1cc(S(=O)(=O)[O-])c(C)cc1N/N=C1/C(=O)C=Cc2cc(S(=O)(=O)[O-])ccc21.[Na+].[Na+]
DTXSID4024721	CC1(C)[C@H]2CC[C@@]1(C)C(=O)C2
DTXSID4022731	NC(=O)N1c2ccccc2C=Cc2ccccc21
DTXSID4022529	COC(=O)c1ccc(O)cc1
DTXSID4023541	Cc1ncc(CO)c(CO)c1O
DTXSID4024143	O=C=NCCCCCCN=C=O
DTXSID4024193	Cc1cc(Cl)ccc1OCCCC(=O)O
DTXSID4021848	CCNc1cccc(C)c1
DTXSID4022020	CCC(C)n1c(=O)[nH]c(C)c(Br)c1=O
DTXSID4022361	C=CC1(C)OC(=O)N(c2cc(Cl)cc(Cl)c2)C1=O
DTXSID4022446	Oc1ccccc1Cc1ccccc1O
DTXSID4021185	C[C@]12C=CC(=O)C=C1CC[C@@H]1[C@@H]2C(=O)C[C@@]2(C)[C@H]1CC[C@]2(O)C(=O)CO
DTXSID9034286	Cn1sc(Cl)cc1=O.[Cl-].[H+]
DTXSID2034590	CSC1=N[C@@](C)(c2ccccc2)C(=O)N1Nc1ccccc1
DTXSID2034625	CO/N=C(/C1=NOCCO1)c1ccccc1Oc1ncnc(Oc2ccccc2Cl)c1F
DTXSID2034465	CN=C(NCc1cnc(Cl)s1)N[N+](=O)[O-]
DTXSID2034673	COC(=O)c1ccc(I)cc1S(=O)([O-])=NC(=O)Nc1nc(C)nc(OC)n1.[Na+]
DTXSID2034881	Fc1ccc(Oc2ccnc3cc(Cl)cc(Cl)c23)cc1
DTXSID2032556	COC(=O)CSc1cc(N=c2sc(=O)n3n2CCCC3)c(F)cc1Cl
DTXSID2029325	CCCCCC1C(=O)CCC1CC(=O)OC
DTXSID5024059	Cc1cc(-c2ccc(N)c(C)c2)ccc1N
DTXSID9034490	N#CN
DTXSID9034492	Cc1ccc(-c2c(Cl)nc(C#N)n2S(=O)(=O)N(C)C)cc1
DTXSID9034864	CCCOc1nn(C(=O)N=S(=O)([O-])c2ccccc2C(=O)OC)c(=O)n1C.[Na+]
DTXSID9034232	CC(Oc1cccc(Cl)c1)C(=O)O
DTXSID9034282	O=C(O)COc1ccc(Cl)cc1
DTXSID9040710	C[Si](C)(C)O[Si](C)(C)O[Si](C)(C)C
DTXSID9029302	CCCCCC(CO)CCC
DTXSID9027360	NC(=O)[O-].O.[NH4+]
DTXSID9027441	CCCCCCCCOc1ccc(C(=O)c2ccccc2)c(O)c1
DTXSID9029221	O=C(O)c1nc(Cl)ccc1Cl
DTXSID0020107	COC(=O)C(Cc1ccccc1)NC(=O)C(N)CC(=O)O
DTXSID9026342	OCCc1ccccc1
DTXSID9026500	CC(C=O)Cc1ccc(C(C)(C)C)cc1
DTXSID9027312	CC(O)COc1ccccc1
DTXSID9048512	O=C(CCCCCCCCc1cccnc1)N1CCC(C=C(c2ccccc2)c2ccccc2)CC1
DTXSID2042276	CCOc1ccccc1O
DTXSID2042436	COc1cc(O)c(C(=O)c2ccccc2)cc1S(=O)(=O)[O-].[Na+]
DTXSID2042060	CC1(C)[C@H]2CC[C@@]1(C)[C@H](O)C2
DTXSID2042062	CCC(=O)OC1CC2CCC1(C)C2(C)C
DTXSID2042191	CNC(=S)NC
DTXSID2044391	CC(C)c1ccccc1O
DTXSID2040361	CNC(=S)[S-].[Na+]
DTXSID2041389	CC(=O)c1ccc2ccccc2c1
DTXSID2034700	Cc1cc(Cl)ccc1OCC(=O)[O-].[Na+]
DTXSID9047598	C=CCc1cc(S(=O)(=O)c2ccc(O)c(CC=C)c2)ccc1O
DTXSID9044663	CC(=O)Nc1cc(S(=O)(=O)[O-])cc2c1C(=O)/C(=N/Nc1ccccc1)C(S(=O)(=O)[O-])=C2.[Na+].[Na+]
DTXSID9044742	NCCOCCOCCN
DTXSID9044823	C=C(C)C(=O)[O-].[Na+]
DTXSID9041368	CCC1(C)NC(=O)NC1=O
DTXSID9041491	OC/C=C\c1ccccc1
DTXSID9041815	CC1CC(O)CC(C)(C)C1
DTXSID9041653	COC(=O)c1c(C)cc(O)c(C)c1O
DTXSID9036933	F[Si-2](F)(F)(F)(F)F.[Na+].[Na+]
DTXSID2032639	CCCCCCCCSC(=O)Oc1cc(Cl)nnc1-c1ccccc1
DTXSID9040001	COC(=O)c1ccccc1C(=O)O
DTXSID2024163	CON(C)C(=O)Nc1ccc(Cl)c(Cl)c1
DTXSID2026997	COc1ccc(C=O)cc1
DTXSID2027200	c1cc(-c2ccncc2)ccn1
DTXSID2025505	CCCCC/C=C\C/C=C\CCCCCCCC(=O)O
DTXSID2026525	CC(C)(C)c1ccccc1O
DTXSID2025133	Cc1ccc([N+](=O)[O-])cc1C
DTXSID2025347	OCc1ccco1
DTXSID2025478	CC(=O)OC(C)C
DTXSID2023193	OCC1OC(OC2C(CO)OC(O)C(O)C2O)C(O)C(O)C1O
DTXSID2023723	NC(CO)(CO)CO
DTXSID2024242	CC(C)(C)[C@@H](O)C(Cc1ccc(Cl)cc1)n1cncn1.CC(C)(C)[C@H](O)C(Cc1ccc(Cl)cc1)n1cncn1
DTXSID2026789	CC1COC(=O)O1
DTXSID3032591	CC1(C)C(=O)N(Cl)C(=O)N1Br
DTXSID3032620	O=C(NC(=O)c1c(F)cccc1F)Nc1cc(Cl)c(OC(F)(F)C(F)F)c(Cl)c1
DTXSID3032628	COc1cccc(C(=O)NN(C(=O)c2cc(C)cc(C)c2)C(C)(C)C)c1C
DTXSID3034531	CCOC(=O)NC(=S)Nc1ccccc1NC(=S)NC(=O)OCC
DTXSID3034583	CCOC(=O)Cc1cccc2ccccc12
DTXSID3029572	CC1COc2ccccc2N1C(=O)C(Cl)Cl
DTXSID3031864	O=S(=O)(O)C(F)(F)C(F)(F)C(F)(F)C(F)(F)C(F)(F)C(F)(F)C(F)(F)C(F)(F)F
DTXSID3026647	O=C(O)c1ccc(O)cc1
DTXSID3025122	COC(=O)CCCC(=O)OC
DTXSID9027364	CCCCCCCC(=O)N(C)C
DTXSID9025293	CCCCC(CC)C(=O)O
DTXSID3020964	O=[N+]([O-])c1ccccc1
DTXSID3020207	CCC(C)c1cc([N+](=O)[O-])cc([N+](=O)[O-])c1O
DTXSID3020257	Oc1ccccc1O
DTXSID3020332	O=C(O)CC(O)(CC(=O)O)C(=O)O
DTXSID3020336	CCOC(=O)C(C)(C)Oc1ccc(Cl)cc1
DTXSID3020415	BrCCBr
DTXSID3020621	CC(C)C(C(=O)OC(C#N)c1cccc(Oc2ccccc2)c1)c1ccc(Cl)cc1
DTXSID3024994	O=c1[n-]c(=O)n(Cl)c(=O)n1Cl.[Na+]
DTXSID3025178	NC(=Nc1ccccc1)Nc1ccccc1
DTXSID1047316	CCCCN1C(=O)[C@@H]([C@H](O)C2CCCCC2)NC(=O)C12CCN(Cc1ccc(Oc3ccc(C(=O)O)cc3)cc1)CC2.[Cl-].[H+]
DTXSID3024316	CNC(=O)N(C)c1nnc(C(C)(C)C)s1
DTXSID3024289	c1cc2ccc3cccc4ccc(c1)c2c34
DTXSID3024657	OCCCBr
DTXSID3022588	Nc1nc(N)c2nc(CNc3ccc(C(=O)NC(CCC(=O)O)C(=O)O)cc3)cnc2n1
DTXSID3023845	C1=Cc2cccc3cccc1c23
DTXSID3023897	CC(C)(C)C(=O)C(Oc1ccc(Cl)cc1)n1cncn1
DTXSID3021936	N#CCCCCC#N
DTXSID3021980	CCCCCC(=O)OCC
DTXSID3022405	COc1ccc(C(=O)c2ccccc2)c(O)c1
DTXSID1027920	CCCCN(CCCC)CCCCCCN(CCCC)CCCC
DTXSID5020869	CN(C)c1ccc(Cc2ccc(N(C)C)cc2)cc1
DTXSID1033161	CNC(=O)O/N=C/C(C)(C)S(C)=O
DTXSID1033371	OC1CCCC1
DTXSID1034260	CN(C)[C@@H]1C(=O)/C(=C(\N)O)C(=O)[C@@]2(O)C(=O)[C-]3C(=O)c4c([O-])cccc4[C@@](C)(O)[C@H]3[C@H](O)[C@@H]12.O.O.[Na+].[Na+]
DTXSID1032482	CCOP(=S)(Oc1cnc(C(C)(C)C)nc1)OC(C)C
DTXSID1032648	COP(=O)(OC)O/C(=C/Cl)c1cc(Cl)c(Cl)cc1Cl
DTXSID1030606	CC1=CC(=O)N=S(=O)([O-])O1.[K+]
DTXSID1032309	CCCCOCCOC(=O)COc1ccc(Cl)cc1Cl
DTXSID1032511	CCN1CN(CC)CN(CC)C1
DTXSID1032513	Cc1cc(C)n(CO)n1
DTXSID1027899	Cc1ccc(S(=O)(=O)[O-])c(C)c1.[NH4+]
DTXSID5020730	Oc1cccc2cccnc12
DTXSID1029124	Cc1cc(C)c(C)cc1C
DTXSID1029128	OCC1CCCO1
DTXSID5025023	C1=CC2C3C=CC(C3)C2C1
DTXSID5025152	COC(=O)CCC(=O)OC
DTXSID5025659	COC(=O)c1ccccc1O
DTXSID5024057	CNC
DTXSID5024263	O=P(O)(O)O
DTXSID5024261	COP(=S)(OC)SCN1C(=O)c2ccccc2C1=O
DTXSID5024394	CC(=O)O
DTXSID5024845	COc1cc2c(c(OC)c1OC)-c1ccc(OC)c(=O)cc1[C@@H](NC(C)=O)CC2
DTXSID4042335	CCCCOC(=O)C(C)O
DTXSID4044828	C=CCCCCCCCCC(=O)OCC
DTXSID4044901	C=CCOC(=O)c1ccc(C(=O)OCC=C)c(C(=O)OCC=C)c1
DTXSID4047252	O=C(N[C@@H](Cc1ccccc1)[C@@H](O)C(=O)N1C[C@@H](O)[C@@H](O)C1)c1cc2cc(Cl)ccc2[nH]1
DTXSID4042096	OCC(O)C(O)C(O)C(O)CO
DTXSID4042206	CCCCCCCCCCCCN1CCCC1=O
DTXSID5021754	CC1(C)NC(=O)NC1=O
DTXSID5021831	Cc1cccc([N+](=O)[O-])c1
DTXSID4026183	CCCCN(CCCC)CCCC
DTXSID5021885	CC(O)CC(C)(C)O
DTXSID5021914	CC(=O)CCC(C)C
DTXSID5021386	Oc1c(Cl)cc(Cl)cc1Cl
DTXSID5021388	O=C(O)COc1cc(Cl)c(Cl)cc1Cl
DTXSID5021415	CC(O)CN(CC(C)O)CC(C)O
DTXSID5021590	CCCCCCCCCCCC(=O)O
DTXSID5021758	CCCCOCCOP(=O)(OCCOCCCC)OCCOCCCC
DTXSID5021124	Oc1ccccc1
DTXSID5021209	CCCc1cc(=O)[nH]c(=S)[nH]1
DTXSID5021336	Cn1c(=O)c2[nH]cnc2n(C)c1=O
DTXSID5020570	O=C1C(O)=C(O)O[C@@H]1[C@H](O)C[O-].[Na+]
DTXSID5041516	CCc1occc(=O)c1O
DTXSID5044576	CCOC(=O)CC(CC(=O)OCC)(OC(C)=O)C(=O)OCC
DTXSID5044578	Cc1ccc(C)c(S(=O)(=O)[O-])c1.[Na+]
DTXSID5044815	CCCCOC(=O)CCCCCCCC(=O)OCCCC
DTXSID5044784	C=C(C)C(=O)OCCC(C)OC(=O)C(=C)C
DTXSID5047249	CCc1cc(C2=C(C(=O)[O-])N(c3ccccc3C(F)(F)F)S(=O)(=O)c3ccccc32)cc2c1OCO2.[K+]
DTXSID5047451	CC1=NN(c2ccc(S(=O)(=O)[O-])cc2)C(=O)C1N=Nc1ccccc1.[Na+]
DTXSID5041726	O=C(Nc1ccc2c(c1)C=C(S(=O)(=O)[O-])/C(=N/Nc1ccc(N=Nc3ccc(S(=O)(=O)[O-])cc3)cc1)C2=O)c1ccccc1.[Na+].[Na+]
DTXSID5042299	CC(C)c1ccc(O)cc1
DTXSID5044443	CCCC[N+](C)(CCCC)CCCC.[I-]
DTXSID5044570	NCCN.[H+].[H+].[I-].[I-]
DTXSID5041275	CCCCCCCCCCCC(=O)OCC(O)CO
DTXSID5041273	O=C(O)C1=NN(c2ccc(S(=O)(=O)O)cc2)C(=O)C1
DTXSID5041514	CCC/C=C/C=C/CCCO
DTXSID5026918	CCCCCCCCCCCCO
DTXSID5041487	CCC(C)(CCCC(C)C)OC(C)=O
DTXSID5041512	NC(=O)Nc1ccc(Cl)cc1
DTXSID5035616	O=[N+]([O-])c1ccccc1[O-].[Na+]
DTXSID5038830	CCCC(=O)OC(C)(C)Cc1ccccc1
DTXSID5038888	CCNc1ccc([C+](c2ccc(N(CC)CC)cc2)c2ccc(N(CC)CC)cc2)c2ccccc12.[Cl-]
DTXSID5040700	CO[Si](OC)(OC)c1ccccc1
DTXSID1026904	CCCCOCCOC(C)=O
DTXSID1026908	CCCCCCOCCO
DTXSID1027500	CCCOCCO
DTXSID1027479	Cc1ccc(O)c(-n2nc3ccccc3n2)c1
DTXSID1027429	OC1CCCCCCCCCCC1
DTXSID5023900	CCCCNC(=O)n1c(NC(=O)OC)nc2ccccc21
DTXSID5024051	CC(C)OP(C)(=O)OC(C)C
DTXSID5023792	Cc1ccc([N+](=O)[O-])cc1
DTXSID5023742	CC(=O)CC(c1ccccc1)c1c(O)oc2ccccc2c1=O
DTXSID5032600	O=C(O)C1CC1C(=O)Nc1ccc(Cl)cc1Cl
DTXSID5033836	CCCCCCCCCc1ccc(O)cc1
DTXSID5034357	O=C(NC(=O)c1c(F)cccc1F)Nc1cc(Cl)c(OC(F)(F)C(F)C(F)(F)F)cc1Cl
DTXSID5032442	O=[N+]([O-])NC1=NCCN1Cc1ccc(Cl)nc1
DTXSID5032525	COc1ccc(-c2ccccc2)cc1NNC(=O)OC(C)C
DTXSID5021837	CCN(CC)CCO
DTXSID5027142	FC(F)(F)c1ccc(Cl)c(Cl)c1
DTXSID5027198	CN1C(=O)c2ccccc2C1=O
DTXSID5027433	CO[Si](CCCNCCN)(OC)OC.[Cl-].[H+]
DTXSID5029217	CCCOCC(C)O
DTXSID5032498	Oc1cc(Cl)ccc1Oc1ccc(Cl)cc1Cl
DTXSID5026178	O=c1[n-]c(=O)n(Cl)c(=O)n1Cl.[K+]
DTXSID5026461	CC(C)C#N
DTXSID5026548	CN(C)Cc1cc(CN(C)C)c(O)c(CN(C)C)c1
DTXSID5026623	CC(C)(C)C1CCC(O)CC1
DTXSID5026889	CCCCCCCCCCCC(=O)OC
DTXSID9020877	Cc1cccc2ccccc12
DTXSID0020523	O=[N+]([O-])c1ccc(O)c([N+](=O)[O-])c1
DTXSID9021976	OCCOc1ccccc1
DTXSID9021348	NC(N)=S
DTXSID9021477	F[B-](F)(F)F.[Na+]
DTXSID9021689	CCCCCCCCCCC
DTXSID9021639	CCCCCCCCC=O
DTXSID9021922	CCNCCO
DTXSID9021764	CC(O)CN
DTXSID9020663	OCC(O)CO
DTXSID9020740	COc1ccc2c(c1)c(CC(=O)O)c(C)n2C(=O)c1ccc(Cl)cc1
DTXSID9020790	CCOC(=O)CC(SP(=O)(OC)OC)C(=O)OCC
DTXSID0020498	COC(=O)c1ccc(C(=O)OC)cc1
DTXSID9021217	CCc1nc(N)nc(N)c1-c1ccc(Cl)cc1
DTXSID9021427	CCOC(N)=O
DTXSID0020105	O=C1OC([C@@H](O)CO)C(=O)[C-]1O.[Na+]
DTXSID0020022	O=C(O)c1cc(Oc2ccc(C(F)(F)F)cc2Cl)ccc1[N+](=O)[O-]
DTXSID0020232	Cn1c(=O)c2c(ncn2C)n(C)c1=O
DTXSID4036229	CCCCCCCCCCOS(=O)(=O)[O-].[Na+]
DTXSID4040343	O=C(CBr)OCc1ccccc1
DTXSID4032615	Cc1ccn2nc(S(=O)(=O)Nc3c(F)cccc3F)nc2n1
DTXSID4025612	CC(C#N)CCC#N
DTXSID4026214	O=C(Nc1ccc(Cl)cc1)Nc1ccc(Cl)c(Cl)c1
DTXSID4026501	CC1=CCC2CC1C2(C)C
DTXSID4026262	O=c1n(CC2CO2)c(=O)n(CC2CO2)c(=O)n1CC1CO1
DTXSID4026769	C[Si](C)(C)O[Si](C)(C)C
DTXSID4026842	CCCCCCCCCC(=O)OC
DTXSID4024729	COC(=O)Nc1nc2ccccc2[nH]1
DTXSID4024985	CC1(C)C(=O)N(Cl)C(=O)N1Cl
DTXSID4025080	CC(C)CC(=O)CC(C)C
DTXSID4025791	Cc1ccccc1[N+](=O)[O-]
DTXSID4025662	CC(=O)/C=C/c1ccccc1
DTXSID0020076	Nc1ncn[nH]1
DTXSID4040711	CCOC(=O)c1ccccc1C
DTXSID4041232	CC(C)c1cc(C(C)C)cc(C(C)C)c1
DTXSID4041492	CCCC(CC)c1ccccc1
DTXSID4041521	NCCCN1CCOCC1
DTXSID4041604	CCCCCOC(=O)CCC
DTXSID0020737	c1ccc2[nH]ccc2c1
DTXSID0020311	CN(C)C(=O)Nc1ccc(Cl)cc1
DTXSID0020151	CC(=O)OCc1ccccc1
DTXSID0020442	O=C(O)COc1ccc(Cl)cc1Cl
DTXSID0020440	CC(Oc1ccc(Cl)cc1Cl)C(=O)O
DTXSID1041639	Cc1ccc(S(=O)(=O)[O-])c(C)c1.[Na+]
DTXSID1041970	CC1(C)[C@@H]2CC[C@@](C)(C2)[C@@H]1O
DTXSID1040110	CCOC(=O)CC
DTXSID1040112	CCCCCCC(=O)OCC
DTXSID1040794	[Na+].[O-]c1ccccc1-c1ccccc1
DTXSID1040792	Cc1ncc(CO)c(CO)c1O.[Cl-].[H+]
DTXSID1035288	C/C=C/C=C/CCCCCCCO
DTXSID1037565	Cc1ccccc1C(=O)Nc1cccc(OC(C)C)c1
DTXSID1038298	Oc1ccc2ccc3cccc4ccc1c2c34
DTXSID5020283	Nc1ccc(Cl)cc1N
DTXSID5020029	C=CC#N
DTXSID5020443	CCCCOC(=O)COc1ccc(Cl)cc1Cl
DTXSID5020499	CC(=O)N(C)C
DTXSID4048191	CCc1cc(Cc2cc(CC)c(N)c(CC)c2)cc(CC)c1N
DTXSID5020108	CC(=O)Oc1ccccc1C(=O)O
DTXSID5020106	O=C1C(O)=C(O)OC1C(O)CO
DTXSID5020027	C=CC(N)=O
DTXSID5020233	C=C1CC[C@H](O)C/C1=C\C=C1/CCC[C@]2(C)[C@@H]([C@H](C)/C=C/[C@H](C)C(C)C)CC[C@@H]12
DTXSID4032619	CC(C)(C)N(NC(=O)c1ccc(Cl)cc1)C(=O)c1ccccc1
DTXSID1044693	O=C([O-])c1ccccc1.O=C([O-])c1ccccc1.[Mg+2]
DTXSID1042154	CN(C)c1ccc(N=Nc2ccccc2C(=O)O)cc1
DTXSID1041550	CC(C)=CCC[C@H](C)CCO
DTXSID4032611	CCCSP(=O)(OCC)SCCC
DTXSID4027997	C=CCN(CC=C)C(=O)C(Cl)Cl
DTXSID4034576	O=C(CBr)c1ccc(O)cc1
DTXSID4034528	CCOc1nc(F)cc2nc(S(=O)(=O)Nc3c(Cl)cccc3Cl)nn12
DTXSID3042059	CCCC(=O)OCCC(C)C
DTXSID3044833	CCC(=O)OC(C)(C)C1CC=C(C)CC1
DTXSID0027191	C1=CCC=C1
DTXSID8025595	C=CC(=O)NCNC(=O)C=C
DTXSID7021780	CCOC(=O)c1ccccc1C(=O)OCC
DTXSID3035341	CC1(C)C(=O)N(Br)C(=O)N1Br
DTXSID2020428	O=C(O)C(Cl)Cl
DTXSID8025096	COC(=O)CCCCC(=O)OC
DTXSID7024087	CCOCCO
DTXSID3038696	CCOC(=O)c1ccccc1
DTXSID7040285	CC(=O)c1ccccc1O
DTXSID4029692	O=[N+]([O-])[O-].[K+]
DTXSID1041978	O=C(NC(=O)c1c(F)cccc1F)Nc1ccc(Oc2ccc(C(F)(F)F)cc2Cl)cc1F
DTXSID6021828	CC(=O)c1ccccc1
DTXSID4020616	CC12CCC(CC1)C(C)(C)O2
DTXSID8022292	CC1(C)[C@H](C(=O)OCc2cccc(Oc3ccccc3)c2)[C@@H]1C=C(Cl)Cl
DTXSID7022253	CC(C)=CC1C(C(=O)OCc2coc(Cc3ccccc3)c2)C1(C)C
DTXSID0042454	CCCCCCCCCCCCCC(=O)OCC(O)CO
DTXSID3041877	CC(=O)OC(C)(C)Cc1ccccc1
DTXSID4021137	Nc1cccc(N)c1
DTXSID8020834	COC(N)=O
DTXSID5024055	COS(=O)(=O)OC
DTXSID2021288	OC[C@H]1O[C@@](CO)(O[C@H]2O[C@H](CO)[C@@H](O)[C@H](O)[C@H]2O)[C@@H](O)[C@@H]1O
DTXSID6025145	Cc1ccc(C)c(O)c1
DTXSID2038732	CCOC(=O)CCC(=O)OCC
DTXSID1041267	CCOCC(C)O
DTXSID5021544	Oc1ccccc1Cl
DTXSID5032361	N#CC(Br)(Br)C(N)=O
DTXSID9021390	ClCC(Cl)CCl
DTXSID6048202	CC(C)C(=O)c1ccccc1
DTXSID2021864	Cc1ccc(O)c(C)c1
DTXSID1041421	COc1cc(OC)c2ccc(=O)oc2c1
DTXSID2026496	CC(=O)OC(C)(C)C1CC=C(C)CC1
DTXSID9032610	CCOc1ccc(C(C)(C)COCc2cccc(Oc3ccccc3)c2)cc1
DTXSID9021392	OCCN(CCO)CCO
DTXSID3022409	O=S(=O)(c1ccc(O)cc1)c1ccc(O)cc1
DTXSID6025226	Clc1ccc(COC(Cn2ccnc2)c2ccc(Cl)cc2Cl)cc1.O=[N+]([O-])O
DTXSID8034580	CCOC1Oc2ccc(OS(C)(=O)=O)cc2C1(C)C
DTXSID4027072	[Na+].[O-]c1ccccc1
DTXSID5024891	Nc1ccn([C@@H]2O[C@H](CO)[C@@H](O)[C@@H]2O)c(=O)n1.[Cl-].[H+]
DTXSID5020493	CO[P+](=O)OC
DTXSID6032562	CCCCC(CC)CN1C(=O)C2C3C=CC(C3)C2C1=O
DTXSID2021238	Oc1cccc(O)c1
DTXSID4022153	CCCC[Sn](CCCC)(CCCC)CCCC
DTXSID5021201	CCCOC(=O)c1cc(O)c(O)c(O)c1
DTXSID7020425	O=C1C(Cl)=C(Cl)C(=O)c2ccccc21
DTXSID8041909	[Cl-].[Cl-].[Cl-].[Dy+3]
DTXSID4048195	CCCCCCOc1ccc(O)cc1
DTXSID7020392	C=CCOC(=O)c1ccccc1C(=O)OCC=C
DTXSID0022777	Cc1ccc(-c2cc(C(F)(F)F)nn2-c2ccc(S(N)(=O)=O)cc2)cc1
DTXSID5048188	Cc1ccc(S)cc1
DTXSID7034549	CN=C(NCC1CCOC1)N[N+](=O)[O-]
DTXSID7021992	O.O=C1N=S(=O)([O-])c2ccccc21.[Na+]
DTXSID9041289	CCCCCCCCCCCCCC[N+](C)(C)C.[Cl-]
DTXSID1024704	Cc1ccc(C(C)(C)C)cc1
DTXSID6020224	O=C1CCCO1
DTXSID9047251	COc1ccc(OC(F)(F)F)cc1CN1CCC[C@H](N)[C@@H]1c1ccccc1
DTXSID7048168	Cc1[nH]cnc1C[C@H]1CCc2c(C)c3ccccc3n2C1=O.[Cl-].[H+]
DTXSID9033058	Nn1cnnc1
DTXSID4032372	CC1COC(Cn2cncn2)(c2ccc(Oc3ccc(Cl)cc3)cc2Cl)O1
DTXSID5032523	O=c1[nH]sc2ccccc12
DTXSID1044697	C#CC(O)C(CC)CCCC
DTXSID0023907	c1ccc2c(c1)-c1cccc3c1c-2cc1ccccc13
DTXSID2045232	O=C([O-])Cc1cc(I)c(Oc2ccc(O)c(I)c2)c(I)c1.[Na+]
DTXSID6020511	Cc1cc(-c2ccc(N)c(C)c2)ccc1N.[Cl-].[Cl-].[H+].[H+]
DTXSID6027131	c1nc[nH]n1
DTXSID1034634	O=C(Nc1ccccc1)Nc1ccnc(Cl)c1
DTXSID4021135	O=C1C=Cc2ccccc2/C1=N/Nc1ccccc1
DTXSID1044435	CCN(CC)CCOC(=O)c1ccc(N)cc1.[Cl-].[H+]
DTXSID0029262	CCc1cc(C(C)(C)C)c(O)c(C(C)(C)C)c1
DTXSID8026698	C1CN(SSN2CCOCC2)CCO1
DTXSID8022408	O=S1(=O)OC(c2ccc(O)cc2)(c2ccc(O)cc2)c2ccccc21
DTXSID5035589	CCCCCCCCCC[N+](C)(CCCCCCCCCC)CCC[Si](OC)(OC)OC.[Cl-]
DTXSID4042094	CC(C)=CCC[C@](C)(O)[C@@H]1CC=C(C)CC1
DTXSID3022247	C=CC(C)(O)CC/C=C(\C)CCC=C(C)C
DTXSID4047127	CCC(C)(C)C1CCC(=O)CC1
DTXSID9047178	CCCCCCCCCCCCCCCCCC(=O)OCCCCCCCC
DTXSID0027721	CC(C)(c1ccccc1)c1ccc(Nc2ccc(C(C)(C)c3ccccc3)cc2)cc1
DTXSID5020819	COc1nn(CSP(=S)(OC)OC)c(=O)s1
DTXSID9022100	CCCc1ccc(O)cc1
DTXSID2032348	O=C1c2ccccc2C(=O)C1C(=O)C(c1ccccc1)c1ccc(Cl)cc1
DTXSID0041357	CCCCC/C=C\C=C\C(=O)OCC
DTXSID5023588	OCC(O)C(O)C(O)C(O)CO
DTXSID0022353	Oc1ccc(-c2ccccc2)cc1Cl
DTXSID2040731	CC(C)OC(=O)c1ccccc1C(=O)OC(C)C
DTXSID1020699	CCCCCCc1ccc(O)cc1O
DTXSID1044564	CN(C)CCCN(C)CCCN(C)C
DTXSID2032500	CCCOCC(=Nc1ccc(Cl)cc1C(F)(F)F)n1ccnc1
DTXSID9029649	NCc1cccc(CN)c1
DTXSID2029612	C=C(C)C1CC=C(C)CC1
DTXSID2025892	c1ccc(Nc2cccc3ccccc23)cc1
DTXSID0034223	CCc1nn(C)c(C(=O)NCc2ccc(C(C)(C)C)cc2)c1Cl
DTXSID6023523	CC(C)c1cccc(C(C)C)c1O
DTXSID7024031	Cl/C=C/Cl
DTXSID0035160	CC(=O)/C=C/C1C(C)=CCCC1(C)C
DTXSID3022455	COC(=O)c1ccccc1C(=O)OC
DTXSID8024652	O=[N+]([O-])C(Br)(CO)CO
DTXSID6040371	CN(C)c1ccc(N=NS(=O)(=O)[O-])cc1.[Na+]
DTXSID2041125	[I-].[Na+]
DTXSID6041636	CC(=O)OC(C)c1ccccc1
DTXSID1027924	CC(C)CCCCCCCOC(=O)CCCCC(=O)OCCCCCCCC(C)C
DTXSID1024097	CCCCOCCO
DTXSID4027153	Fc1ccc(Br)cc1
DTXSID6023999	Nc1nc(N)nc(NC2CC2)n1
DTXSID8020179	CC(O)CNCC(C)O
DTXSID2020212	Cc1ccc(O)c(C(C)(C)C)c1
DTXSID6034005	NS(=O)(=O)O
DTXSID2034962	CN1COCN(Cc2cnc(Cl)s2)/C1=N/[N+](=O)[O-]
DTXSID8020597	OCCO
DTXSID5020944	NC(=O)N/N=C/c1ccc([N+](=O)[O-])o1
DTXSID7027205	C[Si]1(C)O[Si](C)(C)O[Si](C)(C)O[Si](C)(C)O1
DTXSID9044536	CC(=O)c1cc(C(C)(C)C)cc2c1CCC2(C)C
DTXSID4036435	CCCCCCCCN1CCCC1=O
DTXSID3032416	CSc1nc(NC2CC2)nc(NC(C)(C)C)n1
DTXSID3021483	O=CCc1ccccc1
DTXSID7024873	O=c1[nH]c(=O)[nH]c(=O)[nH]1
DTXSID7020685	ClC1C(Cl)C(Cl)C(Cl)C(Cl)C1Cl
DTXSID2029290	CC1=CC[C@H]2C[C@@H]1C2(C)C
DTXSID0047246	CC(C)(C)c1cc(/C=C2\SC(N)=NC2=O)cc(C(C)(C)C)c1O.CS(=O)(=O)O
DTXSID8044888	CCCCC(CC)C(=O)[O-].CCCCC(CC)C(=O)[O-].[Ba+2]
DTXSID8022589	CCC1(c2ccc(N)cc2)CCC(=O)NC1=O
DTXSID1020512	CN(C)C(=O)Cl
DTXSID6025018	C1CCC(NC2CCCCC2)CC1
DTXSID3024944	N#CCCC(Br)(C#N)CBr
DTXSID9020293	O=C(CCl)c1ccccc1
DTXSID7029879	CC(=O)N1CCN(c2ccc(OC[C@@H]3CO[C@@](Cn4ccnc4)(c4ccc(Cl)cc4Cl)O3)cc2)CC1
DTXSID7032551	O=[N+]([O-])c1cc(C(F)(F)F)c(Cl)c([N+](=O)[O-])c1Nc1ncc(C(F)(F)F)cc1Cl
DTXSID6025143	Cc1cccc(O)c1C
DTXSID4042418	CCCCCCCCCCCCCOS(=O)(=O)[O-].[Na+]
DTXSID9021138	Nc1ccc(N)cc1
DTXSID7041544	CC(=O)c1cc2c(cc1C)C(C)(C)C(C)CC2(C)C
DTXSID6048200	Cc1cc(C)c(C(=O)O)c(C)c1
DTXSID6032647	N#CSCSc1nc2ccccc2s1
DTXSID8032548	N#CC(CCc1ccc(Cl)cc1)(Cn1cncn1)c1ccccc1
DTXSID1038795	C[Si](O[Si](C)(C)C)O[Si](C)(C)C
DTXSID4042416	CCCCCCCCCCCCCCOS(=O)(=O)[O-].[Na+]
DTXSID2026529	Cc1ccc(C(C)(C)C)c(O)c1
DTXSID3021645	CCCCCCCC(=O)O
DTXSID5040708	CCCCCCc1ccc(N)cc1
DTXSID1023819	Cc1cn([C@H]2C=C[C@@H](CO)O2)c(=O)[nH]c1=O
DTXSID8025599	N#CSCSC#N
DTXSID0042086	CCCCCCCCCCCCN1CCCCCC1=O
DTXSID5020154	Oc1ccc(Cl)cc1Cc1ccccc1
DTXSID9020370	CN(C)NC(=O)CCC(=O)O
